    * Using serial Knowles-Handy algorithm in FCI.
  ---------------------------
        FCI calculation      
  ---------------------------

  Performs exactly the same way as Knowles & Handy 1984 CPL

  o alpha-beta strings
      length:            40
  o size of the space 
      determinant space:  400
      spin-adapted space: 175

  o single displacement lists (alpha)
      length:           240
  o single displacement lists (beta)
      length:           240
    * Integral transformation done. Elapsed time: 0.01

     guess   0:   closed 111...               open ......              
     guess   1:   closed 11....               open ..11..              
     guess   2:   closed 1..1..               open .11...              

  === FCI iteration ===

      0  0      -152.43393395     9.26e-03      0.00
      0  1      -152.37081970     9.77e-03      0.00
      0  2      -152.26265156     1.03e-02      0.00

      1  0      -152.60928779     3.19e-03      0.00
      1  1      -152.54214582     6.04e-03      0.00
      1  2      -152.35925522     2.94e-03      0.00

      2  0      -152.61675224     1.38e-03      0.00
      2  1      -152.56995774     2.82e-03      0.00
      2  2      -152.36794820     1.59e-03      0.00

      3  0      -152.61835133     7.25e-04      0.00
      3  1      -152.57947451     1.80e-03      0.00
      3  2      -152.37940095     6.89e-03      0.00

      4  0      -152.61885781     4.07e-04      0.00
      4  1      -152.58336280     1.20e-03      0.00
      4  2      -152.49220243     5.48e-03      0.00

      5  0      -152.61898335     1.19e-04      0.00
      5  1      -152.58474590     4.67e-04      0.00
      5  2      -152.51688267     1.72e-03      0.00

      6  0      -152.61899448     4.39e-05      0.00
      6  1      -152.58495529     1.97e-04      0.00
      6  2      -152.52012337     8.63e-04      0.00

      7  0      -152.61899580     1.05e-05      0.00
      7  1      -152.58498478     5.10e-05      0.00
      7  2      -152.52080247     2.77e-04      0.00

      8  0      -152.61899586     2.78e-06      0.00
      8  1      -152.58498628     1.57e-05      0.00
      8  2      -152.52085006     9.10e-05      0.00
    - linear dependency detected:    1 /   30    min eigenvalue:     4.3260e-09    max eigenvalue:     4.3260e-09
    * Using canonical orthogonalization due to linear dependency


      9  0      -152.61899586     6.72e-07      0.00
      9  1      -152.58498642     4.03e-06      0.00
      9  2      -152.52085528     2.44e-05      0.00
    - linear dependency detected:    1 /   33    min eigenvalue:     3.0888e-10    max eigenvalue:     3.0888e-10
    * Using canonical orthogonalization due to linear dependency


     10  0      -152.61899586     2.10e-07      0.00
     10  1      -152.58498643     1.13e-06      0.00
     10  2      -152.52085565     7.88e-06      0.00
    - linear dependency detected:    1 /   36    min eigenvalue:     4.5307e-11    max eigenvalue:     4.5307e-11
    * Using canonical orthogonalization due to linear dependency


     11  0      -152.61899586     5.18e-08      0.00
     11  1      -152.58498643     3.31e-07      0.00
     11  2      -152.52085569     2.38e-06      0.00
    - linear dependency detected:    1 /   39    min eigenvalue:     9.7495e-12    max eigenvalue:     9.7495e-12
    * Using canonical orthogonalization due to linear dependency


     12  0      -152.61899586     1.71e-08      0.00
     12  1      -152.58498643     9.21e-08      0.00
     12  2      -152.52085570     7.84e-07      0.00
    - linear dependency detected:    1 /   42    min eigenvalue:     1.4018e-12    max eigenvalue:     1.4018e-12
    * Using canonical orthogonalization due to linear dependency


     13  0      -152.61899586     8.08e-09      0.00
     13  1      -152.58498643     3.49e-08      0.00
     13  2      -152.52085570     3.23e-07      0.00
    - linear dependency detected:    1 /   45    min eigenvalue:     1.2315e-13    max eigenvalue:     1.2315e-13
    * Using canonical orthogonalization due to linear dependency


     14  0      -152.61899586     3.07e-09      0.00
     14  1      -152.58498643     1.01e-08      0.00
     14  2      -152.52085570     8.05e-08      0.00
    - linear dependency detected:    1 /   48    min eigenvalue:     3.4816e-15    max eigenvalue:     3.4816e-15
    * Using canonical orthogonalization due to linear dependency


     15  0      -152.61899586     1.16e-09      0.00
     15  1      -152.58498643     3.67e-09      0.00
     15  2      -152.52085570     2.94e-08      0.00
    - linear dependency detected:    1 /   51    min eigenvalue:     9.7916e-18    max eigenvalue:     9.7916e-18
    * Using canonical orthogonalization due to linear dependency


     16  0      -152.61899586     3.46e-10      0.00
     16  1      -152.58498643     1.09e-09      0.00
     16  2      -152.52085570     1.01e-08      0.00
    - linear dependency detected:    1 /   54    min eigenvalue:     8.2731e-16    max eigenvalue:     8.2731e-16
    * Using canonical orthogonalization due to linear dependency


     17  0 *    -152.61899586     7.82e-11      0.00
     17  1      -152.58498643     2.58e-10      0.00
     17  2      -152.52085570     3.11e-09      0.00
    - linear dependency detected:    1 /   56    min eigenvalue:    -7.7460e-16    max eigenvalue:    -7.7460e-16
    * Using canonical orthogonalization due to linear dependency


     18  0 *    -152.61899586     3.01e-11      0.00
     18  1 *    -152.58498643     5.14e-11      0.00
     18  2      -152.52085570     6.75e-10      0.00
    - linear dependency detected:    1 /   57    min eigenvalue:     4.3412e-16    max eigenvalue:     4.3412e-16
    * Using canonical orthogonalization due to linear dependency


     19  0 *    -152.61899586     3.00e-11      0.00
     19  1 *    -152.58498643     2.98e-11      0.00
     19  2      -152.52085570     1.76e-10      0.00
    - linear dependency detected:    1 /   58    min eigenvalue:     3.4619e-16    max eigenvalue:     3.4619e-16
    * Using canonical orthogonalization due to linear dependency


     20  0 *    -152.61899586     3.08e-11      0.00
     20  1 *    -152.58498643     3.10e-11      0.00
     20  2 *    -152.52085570     6.47e-11      0.00

     * ci vector, state   0, <S^2> = 0.0000
       222...    -0.5871286016
       22.2..     0.5867853303
       22ba..     0.2327547142
       22ab..     0.2327547142
       2abba.    -0.2017944790
       2baab.    -0.2017944790
       2ab2..     0.1095309392
       2ba2..     0.1095309392
       2bbaa.     0.1044671522
       2aabb.     0.1044671522
       2abab.    -0.0973273268
       2baba.    -0.0973273268
       2..22.    -0.0755794526
       2.2.2.     0.0754405935
       2a2b..    -0.0737149510
       2b2a..    -0.0737149510
       22a.b.    -0.0715803777
       22b.a.    -0.0715803777

     * ci vector, state   1, <S^2> = 0.0000
       2ba2..    -0.3635787155
       2ab2..    -0.3635787155
       22a.b.     0.2781093227
       22b.a.     0.2781093227
       22.2..     0.2528844767
       222...    -0.2520194139
       2b2a..     0.2473564523
       2a2b..     0.2473564523
       2baab.     0.2350748557
       2abba.     0.2350748557
       22.ab.     0.1884513402
       22.ba.     0.1884513402
       2baba.     0.1248576075
       2abab.     0.1248576075
       2ba.2.     0.1144690867
       2ab.2.     0.1144690867
       2aabb.    -0.1102172483
       2bbaa.    -0.1102172483
       2.a2b.     0.1001169461
       2.b2a.     0.1001169461
       22ba..     0.0995566063
       22ab..     0.0995566063
       2b.a2.     0.0777732464
       2a.b2.     0.0777732464
       2.2ab.    -0.0675289316
       2.2ba.    -0.0675289316

     * ci vector, state   2, <S^2> = -0.0000
       2a2.b.    -0.3524777720
       2b2.a.    -0.3524777720
       2a.2b.     0.3521768367
       2b.2a.     0.3521768367
       22b.a.    -0.2876902783
       22a.b.    -0.2876902783
       2ab2..    -0.2279861539
       2ba2..    -0.2279861539
       22.ba.    -0.1958341162
       22.ab.    -0.1958341162
       2a2b..     0.1549593256
       2b2a..     0.1549593256
       2aabb.     0.1539154858
       2bbaa.     0.1539154858
       2abab.     0.1248955657
       2baba.     0.1248955657
       2.a2b.    -0.0732408640
       2.b2a.    -0.0732408640
       2.2ab.     0.0501223017
       2.2ba.     0.0501223017
       - FCI and RDMs                              0.01
    * Integral transformation done. Elapsed time: 0.01

     guess   0:   closed 11....               open ..11..              
     guess   1:   closed 1.1...               open .1.1..              
     guess   2:   closed 11....               open ...11.              

  === FCI iteration ===

      0  0      -152.61063616     4.26e-03      0.00
      0  1      -152.56284120     8.63e-03      0.00
      0  2      -152.44857057     7.17e-03      0.00

      1  0      -152.65219368     2.77e-03      0.00
      1  1      -152.61965715     1.72e-03      0.00
      1  2      -152.54841203     4.06e-03      0.00

      2  0      -152.65665515     4.79e-04      0.00
      2  1      -152.62279314     4.18e-04      0.00
      2  2      -152.56018526     7.36e-04      0.00

      3  0      -152.65681465     8.74e-05      0.00
      3  1      -152.62296789     1.00e-04      0.00
      3  2      -152.56063196     1.86e-04      0.00

      4  0      -152.65681973     1.34e-05      0.00
      4  1      -152.62297472     1.99e-05      0.00
      4  2      -152.56065564     9.15e-05      0.00

      5  0      -152.65681986     2.48e-06      0.00
      5  1      -152.62297490     4.48e-06      0.00
      5  2      -152.56065961     1.87e-05      0.00

      6  0      -152.65681986     6.05e-07      0.00
      6  1      -152.62297490     9.17e-07      0.00
      6  2      -152.56065978     3.99e-06      0.00

      7  0      -152.65681986     1.51e-07      0.00
      7  1      -152.62297490     1.76e-07      0.00
      7  2      -152.56065979     1.18e-06      0.00

      8  0      -152.65681986     2.73e-08      0.00
      8  1      -152.62297490     3.86e-08      0.00
      8  2      -152.56065979     2.37e-07      0.00

      9  0      -152.65681986     4.21e-09      0.00
      9  1      -152.62297490     1.13e-08      0.00
      9  2      -152.56065979     5.33e-08      0.00

     10  0      -152.65681986     6.48e-10      0.00
     10  1      -152.62297490     2.75e-09      0.00
     10  2      -152.56065979     1.56e-08      0.00

     11  0 *    -152.65681986     8.75e-11      0.00
     11  1      -152.62297490     5.00e-10      0.00
     11  2      -152.56065979     3.80e-09      0.00

     12  0 *    -152.65681986     5.30e-11      0.00
     12  1      -152.62297490     1.07e-10      0.00
     12  2      -152.56065979     9.20e-10      0.00

     13  0 *    -152.65681986     5.31e-11      0.00
     13  1 *    -152.62297490     1.37e-11      0.00
     13  2      -152.56065979     1.64e-10      0.00

     14  0 *    -152.65681986     5.34e-11      0.00
     14  1 *    -152.62297490     1.36e-11      0.00
     14  2 *    -152.56065979     3.62e-11      0.00

     * ci vector, state   0, <S^2> = 0.0000
       22ba..    -0.5864244374
       22ab..    -0.5864244374
       2b2a..     0.1971834535
       2a2b..     0.1971834535
       2b.a2.     0.1533850708
       2a.b2.     0.1533850708
       2.ba2.     0.1521578192
       2.ab2.     0.1521578192
       2baab.     0.1425675577
       2abba.     0.1425675577
       2.2ab.     0.1376527147
       2.2ba.     0.1376527147
       22.ab.    -0.1315662818
       22.ba.    -0.1315662818
       2abab.     0.0897947478
       2baba.     0.0897947478
       2bbaa.    -0.0527728100
       2aabb.    -0.0527728100

     * ci vector, state   1, <S^2> = -0.0000
       2b2a..    -0.4705464445
       2a2b..    -0.4705464445
       22.ab.     0.3801118092
       22.ba.     0.3801118092
       22ab..    -0.2856166267
       22ba..    -0.2856166267
       2b.a2.    -0.1526741670
       2a.b2.    -0.1526741670
       2.2ab.    -0.1269254758
       2.2ba.    -0.1269254758
       2abba.     0.0868984528
       2baab.     0.0868984528
       2baba.     0.0563890176
       2abab.     0.0563890176

     * ci vector, state   2, <S^2> = 0.0000
       22.ba.     0.3994714552
       22.ab.     0.3994714552
       2b2a..     0.3224738546
       2a2b..     0.3224738546
       2abab.    -0.3048127840
       2baba.    -0.3048127840
       2aabb.    -0.2869492671
       2bbaa.    -0.2869492671
       2.2ab.    -0.1965264932
       2.2ba.    -0.1965264932
       2b.a2.     0.1372143115
       2a.b2.     0.1372143115
       - FCI and RDMs                              0.01
    * Integral transformation done. Elapsed time: 0.01

     guess   0:   closed 11....               open ..11..              
     guess   1:   closed 1.1...               open .1.1..              
     guess   2:   closed 11....               open ...11.              

  === FCI iteration ===

      0  0      -152.61381616     4.44e-03      0.00
      0  1      -152.55559702     9.09e-03      0.00
      0  2      -152.43457658     7.84e-03      0.00

      1  0      -152.65436911     2.76e-03      0.00
      1  1      -152.62239641     1.59e-03      0.00
      1  2      -152.54485714     4.58e-03      0.00

      2  0      -152.65891137     4.10e-04      0.00
      2  1      -152.62493049     4.85e-04      0.00
      2  2      -152.56087321     1.06e-03      0.00

      3  0      -152.65900086     1.32e-04      0.00
      3  1      -152.62514877     1.54e-04      0.00
      3  2      -152.56175259     3.54e-04      0.00

      4  0      -152.65900904     2.15e-05      0.00
      4  1      -152.62516576     1.84e-05      0.00
      4  2      -152.56182910     6.55e-05      0.00

      5  0      -152.65900937     3.07e-06      0.00
      5  1      -152.62516596     3.26e-06      0.00
      5  2      -152.56183152     1.72e-05      0.00

      6  0      -152.65900938     7.88e-07      0.00
      6  1      -152.62516596     9.48e-07      0.00
      6  2      -152.56183168     4.91e-06      0.00

      7  0      -152.65900938     1.45e-07      0.00
      7  1      -152.62516596     2.51e-07      0.00
      7  2      -152.56183170     1.90e-06      0.00

      8  0      -152.65900938     3.34e-08      0.00
      8  1      -152.62516596     6.88e-08      0.00
      8  2      -152.56183170     5.71e-07      0.00

      9  0      -152.65900938     6.19e-09      0.00
      9  1      -152.62516596     1.23e-08      0.00
      9  2      -152.56183170     1.17e-07      0.00

     10  0      -152.65900938     1.09e-09      0.00
     10  1      -152.62516596     2.20e-09      0.00
     10  2      -152.56183170     2.35e-08      0.00

     11  0      -152.65900938     2.50e-10      0.00
     11  1      -152.62516596     4.07e-10      0.00
     11  2      -152.56183170     5.68e-09      0.00

     12  0 *    -152.65900938     5.07e-11      0.00
     12  1 *    -152.62516596     7.97e-11      0.00
     12  2      -152.56183170     1.30e-09      0.00

     13  0 *    -152.65900938     3.55e-11      0.00
     13  1 *    -152.62516596     6.79e-11      0.00
     13  2      -152.56183170     3.06e-10      0.00

     14  0 *    -152.65900938     3.63e-11      0.00
     14  1 *    -152.62516596     6.07e-11      0.00
     14  2 *    -152.56183170     8.38e-11      0.00

     * ci vector, state   0, <S^2> = -0.0000
       22ba..     0.5730772877
       22ab..     0.5730772877
       2b2a..    -0.1994176552
       2a2b..    -0.1994176552
       2baab.     0.1658511399
       2abba.     0.1658511399
       22.ab.    -0.1537278438
       22.ba.    -0.1537278438
       2b.a2.    -0.1481614665
       2a.b2.    -0.1481614665
       2.2ab.     0.1445981264
       2.2ba.     0.1445981264
       2.ba2.    -0.1433444894
       2.ab2.    -0.1433444894
       2abab.     0.0875764829
       2baba.     0.0875764829
       2bbaa.    -0.0782746570
       2aabb.    -0.0782746570

     * ci vector, state   1, <S^2> = 0.0000
       2b2a..    -0.4641974954
       2a2b..    -0.4641974954
       22.ba.    -0.3716546406
       22.ab.    -0.3716546406
       22ab..    -0.3150894789
       22ba..    -0.3150894789
       2b.a2.    -0.1517956215
       2a.b2.    -0.1517956215
       2.2ab.     0.1346792293
       2.2ba.     0.1346792293

     * ci vector, state   2, <S^2> = -0.0000
       22.ab.    -0.3833045121
       22.ba.    -0.3833045121
       2abab.     0.3228621519
       2baba.     0.3228621519
       2a2b..     0.3101153634
       2b2a..     0.3101153634
       2aabb.     0.3068273900
       2bbaa.     0.3068273900
       2.2ab.     0.1861841345
       2.2ba.     0.1861841345
       2a.b2.     0.1334841432
       2b.a2.     0.1334841432
       - FCI and RDMs                              0.00
    * Integral transformation done. Elapsed time: 0.01

     guess   0:   closed 11....               open ..11..              
     guess   1:   closed 1.1...               open .1.1..              
     guess   2:   closed 11....               open ...11.              

  === FCI iteration ===

      0  0      -152.61429501     6.19e-03      0.00
      0  1      -152.55445050     1.01e-02      0.00
      0  2      -152.43241989     9.29e-03      0.00

      1  0      -152.65651924     3.94e-03      0.00
      1  1      -152.62645925     2.07e-03      0.00
      1  2      -152.54859337     5.71e-03      0.00

      2  0      -152.66244392     7.44e-04      0.00
      2  1      -152.62889950     6.93e-04      0.00
      2  2      -152.56611195     1.79e-03      0.00

      3  0      -152.66258782     8.99e-05      0.00
      3  1      -152.62913962     2.44e-04      0.00
      3  2      -152.56727199     3.04e-04      0.00

      4  0      -152.66259033     1.75e-05      0.00
      4  1      -152.62916936     5.70e-05      0.00
      4  2      -152.56731349     7.04e-05      0.00

      5  0      -152.66259043     4.51e-06      0.00
      5  1      -152.62917028     7.84e-06      0.00
      5  2      -152.56731515     1.52e-05      0.00

      6  0      -152.66259043     7.08e-07      0.00
      6  1      -152.62917030     7.92e-07      0.00
      6  2      -152.56731523     2.92e-06      0.00

      7  0      -152.66259043     9.41e-08      0.00
      7  1      -152.62917030     7.61e-08      0.00
      7  2      -152.56731523     7.55e-07      0.00

      8  0      -152.66259043     1.15e-08      0.00
      8  1      -152.62917030     1.14e-08      0.00
      8  2      -152.56731523     9.17e-08      0.00

      9  0      -152.66259043     1.31e-09      0.00
      9  1      -152.62917030     2.36e-09      0.00
      9  2      -152.56731523     7.34e-09      0.00

     10  0      -152.66259043     1.30e-10      0.00
     10  1      -152.62917030     3.54e-10      0.00
     10  2      -152.56731523     6.68e-10      0.00

     11  0 *    -152.66259043     1.70e-11      0.00
     11  1 *    -152.62917030     2.87e-11      0.00
     11  2      -152.56731523     1.29e-10      0.00

     12  0 *    -152.66259043     1.45e-11      0.00
     12  1 *    -152.62917030     2.87e-11      0.00
     12  2 *    -152.56731523     3.13e-11      0.00

     * ci vector, state   0, <S^2> = 0.0000
       22ba..     0.5728385596
       22ab..     0.5728385596
       2b2a..    -0.1923392623
       2a2b..    -0.1923392623
       2baab.    -0.1703120884
       2abba.    -0.1703120884
       22.ba.     0.1576908599
       22.ab.     0.1576908599
       2b.a2.    -0.1462075345
       2a.b2.    -0.1462075345
       2.2ab.    -0.1453173799
       2.2ba.    -0.1453173799
       2.ba2.    -0.1395506434
       2.ab2.    -0.1395506434
       2baba.    -0.0906038481
       2abab.    -0.0906038481
       2aabb.     0.0797082403
       2bbaa.     0.0797082403

     * ci vector, state   1, <S^2> = -0.0000
       2a2b..    -0.4662955953
       2b2a..    -0.4662955953
       22.ba.     0.3687337092
       22.ab.     0.3687337092
       22ba..    -0.3151968441
       22ab..    -0.3151968441
       2a.b2.    -0.1530575230
       2b.a2.    -0.1530575230
       2.2ba.    -0.1323702759
       2.2ab.    -0.1323702759

     * ci vector, state   2, <S^2> = 0.0000
       22.ab.    -0.3792041453
       22.ba.    -0.3792041453
       2baba.     0.3251696323
       2abab.     0.3251696323
       2bbaa.     0.3143928640
       2aabb.     0.3143928640
       2a2b..    -0.3024791720
       2b2a..    -0.3024791720
       2.2ab.     0.1847743993
       2.2ba.     0.1847743993
       2a.b2.    -0.1353004565
       2b.a2.    -0.1353004565
       - FCI and RDMs                              0.00
    * Integral transformation done. Elapsed time: 0.01

     guess   0:   closed 11....               open ..11..              
     guess   1:   closed 1.1...               open .1.1..              
     guess   2:   closed 11....               open ...11.              

  === FCI iteration ===

      0  0      -152.61419507     9.50e-03      0.00
      0  1      -152.55414254     1.24e-02      0.00
      0  2      -152.43130535     1.16e-02      0.00

      1  0      -152.65981501     6.50e-03      0.00
      1  1      -152.63359562     3.22e-03      0.00
      1  2      -152.55015564     7.28e-03      0.00

      2  0      -152.67020284     1.28e-03      0.00
      2  1      -152.63677003     1.05e-03      0.00
      2  2      -152.56880775     2.91e-03      0.00

      3  0      -152.67052374     1.86e-04      0.00
      3  1      -152.63710304     3.40e-04      0.00
      3  2      -152.57103391     6.35e-04      0.00

      4  0      -152.67053360     4.07e-05      0.00
      4  1      -152.63714025     8.74e-05      0.00
      4  2      -152.57115817     1.48e-04      0.00

      5  0      -152.67053404     5.87e-06      0.00
      5  1      -152.63714221     1.28e-05      0.00
      5  2      -152.57116456     2.21e-05      0.00

      6  0      -152.67053405     1.55e-06      0.00
      6  1      -152.63714226     2.93e-06      0.00
      6  2      -152.57116470     6.00e-06      0.00

      7  0      -152.67053405     2.92e-07      0.00
      7  1      -152.63714227     3.37e-07      0.00
      7  2      -152.57116472     1.42e-06      0.00

      8  0      -152.67053405     3.76e-08      0.00
      8  1      -152.63714227     5.81e-08      0.00
      8  2      -152.57116472     3.32e-07      0.00

      9  0      -152.67053405     4.76e-09      0.00
      9  1      -152.63714227     7.76e-09      0.00
      9  2      -152.57116472     4.71e-08      0.00

     10  0      -152.67053405     6.67e-10      0.00
     10  1      -152.63714227     1.46e-09      0.00
     10  2      -152.57116472     6.18e-09      0.00

     11  0      -152.67053405     1.16e-10      0.00
     11  1      -152.63714227     2.69e-10      0.00
     11  2      -152.57116472     1.08e-09      0.00

     12  0 *    -152.67053405     1.61e-11      0.00
     12  1 *    -152.63714227     3.32e-11      0.00
     12  2      -152.57116472     1.63e-10      0.00

     13  0 *    -152.67053405     1.44e-11      0.00
     13  1 *    -152.63714227     3.32e-11      0.00
     13  2 *    -152.57116472     2.68e-11      0.00

     * ci vector, state   0, <S^2> = 0.0000
       22ab..     0.5741992145
       22ba..     0.5741992145
       2a2b..    -0.1856056459
       2b2a..    -0.1856056459
       2abba.    -0.1732561909
       2baab.    -0.1732561909
       22.ab.     0.1584127772
       22.ba.     0.1584127772
       2.2ba.    -0.1422758417
       2.2ab.    -0.1422758417
       2a.b2.    -0.1417876758
       2b.a2.    -0.1417876758
       2.ab2.    -0.1405004958
       2.ba2.    -0.1405004958
       2baba.    -0.0999950162
       2abab.    -0.0999950162
       2aabb.     0.0732611747
       2bbaa.     0.0732611747

     * ci vector, state   1, <S^2> = 0.0000
       2a2b..     0.4753270441
       2b2a..     0.4753270441
       22.ab.    -0.3571767511
       22.ba.    -0.3571767511
       22ab..     0.3089871306
       22ba..     0.3089871306
       2b.a2.     0.1624132650
       2a.b2.     0.1624132650
       2.2ab.     0.1306760796
       2.2ba.     0.1306760796

     * ci vector, state   2, <S^2> = 0.0000
       22.ab.    -0.3879610850
       22.ba.    -0.3879610850
       2abab.     0.3201255479
       2baba.     0.3201255479
       2aabb.     0.3176419841
       2bbaa.     0.3176419841
       2b2a..    -0.2927476139
       2a2b..    -0.2927476139
       2.2ab.     0.1930225759
       2.2ba.     0.1930225759
       2a.b2.    -0.1239002242
       2b.a2.    -0.1239002242
       - FCI and RDMs                              0.00
    * Integral transformation done. Elapsed time: 0.01

     guess   0:   closed 11....               open ..11..              
     guess   1:   closed 1.1...               open .1.1..              
     guess   2:   closed 11....               open ...11.              

  === FCI iteration ===

      0  0      -152.61427039     9.98e-03      0.00
      0  1      -152.55415613     1.27e-02      0.00
      0  2      -152.43276341     1.19e-02      0.00

      1  0      -152.66041101     6.73e-03      0.00
      1  1      -152.63458295     3.36e-03      0.00
      1  2      -152.55277656     7.39e-03      0.00

      2  0      -152.67113460     1.30e-03      0.00
      2  1      -152.63794361     1.11e-03      0.00
      2  2      -152.57005590     2.93e-03      0.00

      3  0      -152.67146456     1.88e-04      0.00
      3  1      -152.63831750     3.61e-04      0.00
      3  2      -152.57221886     6.47e-04      0.00

      4  0      -152.67147479     4.19e-05      0.00
      4  1      -152.63835791     8.83e-05      0.00
      4  2      -152.57234213     1.45e-04      0.00

      5  0      -152.67147526     6.16e-06      0.00
      5  1      -152.63836003     1.40e-05      0.00
      5  2      -152.57234821     2.26e-05      0.00

      6  0      -152.67147527     1.52e-06      0.00
      6  1      -152.63836011     3.10e-06      0.00
      6  2      -152.57234838     6.20e-06      0.00

      7  0      -152.67147527     2.83e-07      0.00
      7  1      -152.63836011     3.41e-07      0.00
      7  2      -152.57234839     1.26e-06      0.00

      8  0      -152.67147527     3.67e-08      0.00
      8  1      -152.63836011     6.10e-08      0.00
      8  2      -152.57234839     2.97e-07      0.00

      9  0      -152.67147527     5.16e-09      0.00
      9  1      -152.63836011     7.31e-09      0.00
      9  2      -152.57234839     4.48e-08      0.00

     10  0      -152.67147527     5.56e-10      0.00
     10  1      -152.63836011     1.49e-09      0.00
     10  2      -152.57234839     6.79e-09      0.00

     11  0 *    -152.67147527     7.35e-11      0.00
     11  1      -152.63836011     3.14e-10      0.00
     11  2      -152.57234839     1.35e-09      0.00

     12  0 *    -152.67147527     5.79e-11      0.00
     12  1 *    -152.63836011     3.59e-11      0.00
     12  2      -152.57234839     2.82e-10      0.00

     13  0 *    -152.67147527     5.79e-11      0.00
     13  1 *    -152.63836011     3.36e-11      0.00
     13  2 *    -152.57234839     5.85e-11      0.00

     * ci vector, state   0, <S^2> = -0.0000
       22ab..    -0.5764991766
       22ba..    -0.5764991766
       2a2b..    -0.1852578776
       2b2a..    -0.1852578776
       2abba.    -0.1720207347
       2baab.    -0.1720207347
       22.ba.    -0.1515326169
       22.ab.    -0.1515326169
       2a.b2.    -0.1434873577
       2b.a2.    -0.1434873577
       2.ab2.     0.1424055383
       2.ba2.     0.1424055383
       2.2ba.     0.1399177048
       2.2ab.     0.1399177048
       2baba.    -0.0981266885
       2abab.    -0.0981266885
       2aabb.     0.0738940461
       2bbaa.     0.0738940461

     * ci vector, state   1, <S^2> = -0.0000
       2b2a..     0.4743410414
       2a2b..     0.4743410414
       22.ab.     0.3616380451
       22.ba.     0.3616380451
       22ba..    -0.3046559685
       22ab..    -0.3046559684
       2b.a2.     0.1612386781
       2a.b2.     0.1612386781
       2.2ab.    -0.1347377822
       2.2ba.    -0.1347377822

     * ci vector, state   2, <S^2> = 0.0000
       22.ba.     0.3861014516
       22.ab.     0.3861014516
       2bbaa.     0.3178887687
       2aabb.     0.3178887687
       2abab.     0.3177935330
       2baba.     0.3177935330
       2b2a..    -0.2983849603
       2a2b..    -0.2983849603
       2.2ba.    -0.1967568080
       2.2ab.    -0.1967568080
       2b.a2.    -0.1224514324
       2a.b2.    -0.1224514324
       - FCI and RDMs                              0.00
    * Integral transformation done. Elapsed time: 0.01

     guess   0:   closed 11....               open ..11..              
     guess   1:   closed 1.1...               open .1.1..              
     guess   2:   closed 11....               open ...11.              

  === FCI iteration ===

      0  0      -152.61453624     1.00e-02      0.00
      0  1      -152.55379594     1.28e-02      0.00
      0  2      -152.43251439     1.20e-02      0.00

      1  0      -152.66032585     6.77e-03      0.00
      1  1      -152.63482018     3.35e-03      0.00
      1  2      -152.55331071     7.34e-03      0.00

      2  0      -152.67121932     1.30e-03      0.00
      2  1      -152.63819344     1.13e-03      0.00
      2  2      -152.57005879     2.94e-03      0.00

      3  0      -152.67155836     1.91e-04      0.00
      3  1      -152.63857464     3.60e-04      0.00
      3  2      -152.57224085     6.54e-04      0.00

      4  0      -152.67156902     4.36e-05      0.00
      4  1      -152.63861417     8.61e-05      0.00
      4  2      -152.57236957     1.48e-04      0.00

      5  0      -152.67156953     7.03e-06      0.00
      5  1      -152.63861624     1.39e-05      0.00
      5  2      -152.57237577     2.44e-05      0.00

      6  0      -152.67156954     1.58e-06      0.00
      6  1      -152.63861631     3.04e-06      0.00
      6  2      -152.57237596     6.62e-06      0.00

      7  0      -152.67156954     2.83e-07      0.00
      7  1      -152.63861631     3.25e-07      0.00
      7  2      -152.57237597     1.36e-06      0.00

      8  0      -152.67156954     3.53e-08      0.00
      8  1      -152.63861631     5.73e-08      0.00
      8  2      -152.57237597     3.16e-07      0.00

      9  0      -152.67156954     5.19e-09      0.00
      9  1      -152.63861631     6.77e-09      0.00
      9  2      -152.57237597     4.67e-08      0.00

     10  0      -152.67156954     5.81e-10      0.00
     10  1      -152.63861631     1.25e-09      0.00
     10  2      -152.57237597     7.44e-09      0.00

     11  0 *    -152.67156954     6.52e-11      0.00
     11  1      -152.63861631     2.33e-10      0.00
     11  2      -152.57237597     1.39e-09      0.00

     12  0 *    -152.67156954     6.08e-11      0.00
     12  1 *    -152.63861631     2.86e-11      0.00
     12  2      -152.57237597     3.00e-10      0.00

     13  0 *    -152.67156954     6.06e-11      0.00
     13  1 *    -152.63861631     2.82e-11      0.00
     13  2 *    -152.57237597     6.23e-11      0.00

     * ci vector, state   0, <S^2> = -0.0000
       22ba..    -0.5768973066
       22ab..    -0.5768973066
       2a2b..     0.1883412613
       2b2a..     0.1883412613
       2baab.    -0.1727791931
       2abba.    -0.1727791931
       22.ba.     0.1463163309
       22.ab.     0.1463163309
       2a.b2.     0.1446072980
       2b.a2.     0.1446072980
       2.ba2.     0.1423287210
       2.ab2.     0.1423287210
       2.2ba.    -0.1376850732
       2.2ab.    -0.1376850732
       2abab.    -0.0966358433
       2baba.    -0.0966358433
       2bbaa.     0.0761433498
       2aabb.     0.0761433498

     * ci vector, state   1, <S^2> = 0.0000
       2a2b..    -0.4726723026
       2b2a..    -0.4726723026
       22.ba.    -0.3636875981
       22.ab.    -0.3636875981
       22ab..    -0.3049277459
       22ba..    -0.3049277459
       2a.b2.    -0.1595977608
       2b.a2.    -0.1595977608
       2.2ba.     0.1386442881
       2.2ab.     0.1386442881

     * ci vector, state   2, <S^2> = -0.0000
       22.ab.    -0.3838158874
       22.ba.    -0.3838158874
       2abab.     0.3206921966
       2baba.     0.3206921966
       2aabb.     0.3172262961
       2bbaa.     0.3172262961
       2a2b..     0.3009523520
       2b2a..     0.3009523520
       2.2ab.     0.1944698481
       2.2ba.     0.1944698481
       2a.b2.     0.1239406504
       2b.a2.     0.1239406504
       - FCI and RDMs                              0.00
    * Integral transformation done. Elapsed time: 0.01

     guess   0:   closed 11....               open ..11..              
     guess   1:   closed 1.1...               open .1.1..              
     guess   2:   closed 11....               open ...11.              

  === FCI iteration ===

      0  0      -152.61458307     1.01e-02      0.00
      0  1      -152.55382920     1.28e-02      0.00
      0  2      -152.43242271     1.21e-02      0.00

      1  0      -152.66026472     6.80e-03      0.00
      1  1      -152.63505136     3.36e-03      0.00
      1  2      -152.55362244     7.29e-03      0.00

      2  0      -152.67131894     1.32e-03      0.00
      2  1      -152.63845233     1.13e-03      0.00
      2  2      -152.56997187     2.93e-03      0.00

      3  0      -152.67167146     1.95e-04      0.00
      3  1      -152.63883655     3.58e-04      0.00
      3  2      -152.57217787     6.68e-04      0.00

      4  0      -152.67168280     4.60e-05      0.00
      4  1      -152.63887529     8.39e-05      0.00
      4  2      -152.57231469     1.54e-04      0.00

      5  0      -152.67168336     7.83e-06      0.00
      5  1      -152.63887731     1.38e-05      0.00
      5  2      -152.57232127     2.69e-05      0.00

      6  0      -152.67168337     1.65e-06      0.00
      6  1      -152.63887738     3.00e-06      0.00
      6  2      -152.57232150     7.27e-06      0.00

      7  0      -152.67168337     2.93e-07      0.00
      7  1      -152.63887738     3.17e-07      0.00
      7  2      -152.57232152     1.48e-06      0.00

      8  0      -152.67168337     3.55e-08      0.00
      8  1      -152.63887738     5.71e-08      0.00
      8  2      -152.57232152     3.43e-07      0.00

      9  0      -152.67168337     5.32e-09      0.00
      9  1      -152.63887738     7.39e-09      0.00
      9  2      -152.57232152     5.05e-08      0.00

     10  0      -152.67168337     6.09e-10      0.00
     10  1      -152.63887738     1.21e-09      0.00
     10  2      -152.57232152     7.97e-09      0.00

     11  0 *    -152.67168337     6.88e-11      0.00
     11  1      -152.63887738     2.01e-10      0.00
     11  2      -152.57232152     1.35e-09      0.00

     12  0 *    -152.67168337     6.08e-11      0.00
     12  1 *    -152.63887738     2.90e-11      0.00
     12  2      -152.57232152     2.93e-10      0.00

     13  0 *    -152.67168337     5.98e-11      0.00
     13  1 *    -152.63887738     2.87e-11      0.00
     13  2 *    -152.57232152     6.23e-11      0.00

     * ci vector, state   0, <S^2> = 0.0000
       22ba..    -0.5778099813
       22ab..    -0.5778099813
       2b2a..    -0.1883834629
       2a2b..    -0.1883834629
       2baab.     0.1728186339
       2abba.     0.1728186339
       2b.a2.    -0.1447967932
       2a.b2.    -0.1447967932
       22.ab.     0.1435925991
       22.ba.     0.1435925991
       2.ba2.     0.1423245747
       2.ab2.     0.1423245747
       2.2ab.    -0.1364279306
       2.2ba.    -0.1364279306
       2abab.     0.0966279721
       2baba.     0.0966279721
       2bbaa.    -0.0761906618
       2aabb.    -0.0761906618

     * ci vector, state   1, <S^2> = -0.0000
       2a2b..    -0.4733929122
       2b2a..    -0.4733929122
       22.ab.     0.3636194535
       22.ba.     0.3636194535
       22ab..     0.3034965884
       22ba..     0.3034965884
       2b.a2.    -0.1595494650
       2a.b2.    -0.1595494650
       2.2ab.    -0.1400376060
       2.2ba.    -0.1400376060

     * ci vector, state   2, <S^2> = -0.0000
       22.ab.     0.3839568335
       22.ba.     0.3839568335
       2abab.     0.3207712243
       2baba.     0.3207712243
       2aabb.     0.3171379794
       2bbaa.     0.3171379794
       2b2a..     0.3013802776
       2a2b..     0.3013802776
       2.2ab.    -0.1942576042
       2.2ba.    -0.1942576042
       2a.b2.     0.1236415691
       2b.a2.     0.1236415691
       - FCI and RDMs                              0.00
    * Integral transformation done. Elapsed time: 0.01

     guess   0:   closed 11....               open ..11..              
     guess   1:   closed 1.1...               open .1.1..              
     guess   2:   closed 11....               open ...11.              

  === FCI iteration ===

      0  0      -152.61457398     1.01e-02      0.00
      0  1      -152.55398909     1.28e-02      0.00
      0  2      -152.43241081     1.21e-02      0.00

      1  0      -152.66020040     6.82e-03      0.00
      1  1      -152.63527571     3.37e-03      0.00
      1  2      -152.55392468     7.25e-03      0.00

      2  0      -152.67140898     1.34e-03      0.00
      2  1      -152.63871107     1.13e-03      0.00
      2  2      -152.56989706     2.93e-03      0.00

      3  0      -152.67177617     2.01e-04      0.00
      3  1      -152.63909705     3.57e-04      0.00
      3  2      -152.57212775     6.84e-04      0.00

      4  0      -152.67178831     4.85e-05      0.00
      4  1      -152.63913511     8.18e-05      0.00
      4  2      -152.57227397     1.61e-04      0.00

      5  0      -152.67178893     8.43e-06      0.00
      5  1      -152.63913707     1.37e-05      0.00
      5  2      -152.57228109     2.91e-05      0.00

      6  0      -152.67178895     1.72e-06      0.00
      6  1      -152.63913714     2.98e-06      0.00
      6  2      -152.57228137     7.98e-06      0.00

      7  0      -152.67178895     3.07e-07      0.00
      7  1      -152.63913714     3.14e-07      0.00
      7  2      -152.57228139     1.60e-06      0.00

      8  0      -152.67178895     3.68e-08      0.00
      8  1      -152.63913714     5.89e-08      0.00
      8  2      -152.57228139     3.69e-07      0.00

      9  0      -152.67178895     5.45e-09      0.00
      9  1      -152.63913714     8.62e-09      0.00
      9  2      -152.57228139     5.51e-08      0.00

     10  0      -152.67178895     6.38e-10      0.00
     10  1      -152.63913714     1.28e-09      0.00
     10  2      -152.57228139     8.37e-09      0.00

     11  0 *    -152.67178895     7.83e-11      0.00
     11  1      -152.63913714     2.16e-10      0.00
     11  2      -152.57228139     1.25e-09      0.00

     12  0 *    -152.67178895     6.04e-11      0.00
     12  1 *    -152.63913714     3.37e-11      0.00
     12  2      -152.57228139     2.66e-10      0.00

     13  0 *    -152.67178895     5.90e-11      0.00
     13  1 *    -152.63913714     3.26e-11      0.00
     13  2 *    -152.57228139     5.77e-11      0.00

     * ci vector, state   0, <S^2> = 0.0000
       22ab..     0.5788082745
       22ba..     0.5788082745
       2a2b..     0.1878611233
       2b2a..     0.1878611233
       2baab.     0.1726284827
       2abba.     0.1726284827
       2a.b2.     0.1448490746
       2b.a2.     0.1448490746
       2.ab2.    -0.1423581221
       2.ba2.    -0.1423581221
       22.ab.     0.1414060533
       22.ba.     0.1414060533
       2.2ba.    -0.1354008004
       2.2ab.    -0.1354008004
       2baba.     0.0969435725
       2abab.     0.0969435725
       2aabb.    -0.0756849102
       2bbaa.    -0.0756849102

     * ci vector, state   1, <S^2> = -0.0000
       2a2b..     0.4746417456
       2b2a..     0.4746417456
       22.ba.     0.3630712290
       22.ab.     0.3630712290
       22ba..    -0.3017416616
       22ab..    -0.3017416616
       2a.b2.     0.1597829950
       2b.a2.     0.1597829950
       2.2ba.    -0.1408119423
       2.2ab.    -0.1408119423

     * ci vector, state   2, <S^2> = 0.0000
       22.ba.    -0.3847354287
       22.ab.    -0.3847354287
       2baba.    -0.3201334082
       2abab.    -0.3201334082
       2bbaa.    -0.3171078475
       2aabb.    -0.3171078475
       2b2a..     0.3013783529
       2a2b..     0.3013783529
       2.2ba.     0.1944901127
       2.2ab.     0.1944901127
       2b.a2.     0.1229606186
       2a.b2.     0.1229606186
       - FCI and RDMs                              0.00
    * Integral transformation done. Elapsed time: 0.01

     guess   0:   closed 11....               open ..11..              
     guess   1:   closed 1.1...               open .1.1..              
     guess   2:   closed 11....               open ...11.              

  === FCI iteration ===

      0  0      -152.61454916     1.02e-02      0.00
      0  1      -152.55419582     1.28e-02      0.00
      0  2      -152.43243683     1.22e-02      0.00

      1  0      -152.66012938     6.84e-03      0.00
      1  1      -152.63549918     3.39e-03      0.00
      1  2      -152.55427340     7.20e-03      0.00

      2  0      -152.67148299     1.35e-03      0.00
      2  1      -152.63897067     1.12e-03      0.00
      2  2      -152.56985716     2.92e-03      0.00

      3  0      -152.67186493     2.06e-04      0.00
      3  1      -152.63935742     3.55e-04      0.00
      3  2      -152.57210856     6.97e-04      0.00

      4  0      -152.67187793     5.07e-05      0.00
      4  1      -152.63939480     7.98e-05      0.00
      4  2      -152.57226471     1.68e-04      0.00

      5  0      -152.67187862     8.87e-06      0.00
      5  1      -152.63939672     1.36e-05      0.00
      5  2      -152.57227245     3.12e-05      0.00

      6  0      -152.67187864     1.79e-06      0.00
      6  1      -152.63939679     2.95e-06      0.00
      6  2      -152.57227278     8.64e-06      0.00

      7  0      -152.67187864     3.25e-07      0.00
      7  1      -152.63939679     3.14e-07      0.00
      7  2      -152.57227281     1.70e-06      0.00

      8  0      -152.67187864     3.83e-08      0.00
      8  1      -152.63939679     6.14e-08      0.00
      8  2      -152.57227281     3.90e-07      0.00

      9  0      -152.67187864     5.51e-09      0.00
      9  1      -152.63939679     9.85e-09      0.00
      9  2      -152.57227281     5.96e-08      0.00

     10  0      -152.67187864     6.75e-10      0.00
     10  1      -152.63939679     1.39e-09      0.00
     10  2      -152.57227281     8.67e-09      0.00

     11  0 *    -152.67187864     8.90e-11      0.00
     11  1      -152.63939679     2.44e-10      0.00
     11  2      -152.57227281     1.10e-09      0.00

     12  0 *    -152.67187864     6.18e-11      0.00
     12  1 *    -152.63939679     3.76e-11      0.00
     12  2      -152.57227281     2.29e-10      0.00

     13  0 *    -152.67187864     6.03e-11      0.00
     13  1 *    -152.63939679     3.67e-11      0.00
     13  2 *    -152.57227281     4.80e-11      0.00

     * ci vector, state   0, <S^2> = -0.0000
       22ab..     0.5797058570
       22ba..     0.5797058570
       2b2a..     0.1874053210
       2a2b..     0.1874053210
       2abba.    -0.1723771981
       2baab.    -0.1723771981
       2a.b2.     0.1449456743
       2b.a2.     0.1449456743
       2.ab2.    -0.1423926643
       2.ba2.    -0.1423926643
       22.ab.    -0.1394485038
       22.ba.    -0.1394485038
       2.2ba.     0.1344863563
       2.2ab.     0.1344863563
       2baba.    -0.0973536515
       2abab.    -0.0973536515
       2aabb.     0.0750235466
       2bbaa.     0.0750235466

     * ci vector, state   1, <S^2> = 0.0000
       2a2b..    -0.4760075032
       2b2a..    -0.4760075032
       22.ba.     0.3622804368
       22.ab.     0.3622804368
       22ab..     0.3001341901
       22ba..     0.3001341901
       2b.a2.    -0.1600063376
       2a.b2.    -0.1600063376
       2.2ab.    -0.1413234273
       2.2ba.    -0.1413234273

     * ci vector, state   2, <S^2> = -0.0000
       22.ba.     0.3857616072
       22.ab.     0.3857616072
       2abab.     0.3192850879
       2baba.     0.3192850879
       2aabb.     0.3170790890
       2bbaa.     0.3170790890
       2b2a..     0.3011811261
       2a2b..     0.3011811261
       2.2ba.    -0.1948080266
       2.2ab.    -0.1948080266
       2b.a2.     0.1221625371
       2a.b2.     0.1221625371
       - FCI and RDMs                              0.00
    * Integral transformation done. Elapsed time: 0.01

     guess   0:   closed 11....               open ..11..              
     guess   1:   closed 1.1...               open .1.1..              
     guess   2:   closed 11....               open ...11.              

  === FCI iteration ===

      0  0      -152.61451913     1.02e-02      0.00
      0  1      -152.55442594     1.28e-02      0.00
      0  2      -152.43248355     1.22e-02      0.00

      1  0      -152.66005222     6.85e-03      0.00
      1  1      -152.63572433     3.40e-03      0.00
      1  2      -152.55468321     7.16e-03      0.00

      2  0      -152.67153785     1.37e-03      0.00
      2  1      -152.63923082     1.12e-03      0.00
      2  2      -152.56986457     2.91e-03      0.00

      3  0      -152.67193395     2.12e-04      0.00
      3  1      -152.63961734     3.52e-04      0.00
      3  2      -152.57213211     7.09e-04      0.00

      4  0      -152.67194785     5.24e-05      0.00
      4  1      -152.63965402     7.80e-05      0.00
      4  2      -152.57229846     1.74e-04      0.00

      5  0      -152.67194859     9.17e-06      0.00
      5  1      -152.63965590     1.36e-05      0.00
      5  2      -152.57230682     3.29e-05      0.00

      6  0      -152.67194861     1.84e-06      0.00
      6  1      -152.63965596     2.93e-06      0.00
      6  2      -152.57230721     9.18e-06      0.00

      7  0      -152.67194861     3.42e-07      0.00
      7  1      -152.63965596     3.17e-07      0.00
      7  2      -152.57230723     1.79e-06      0.00

      8  0      -152.67194861     3.93e-08      0.00
      8  1      -152.63965596     6.33e-08      0.00
      8  2      -152.57230723     4.06e-07      0.00

      9  0      -152.67194861     5.56e-09      0.00
      9  1      -152.63965596     1.08e-08      0.00
      9  2      -152.57230723     6.40e-08      0.00

     10  0      -152.67194861     7.22e-10      0.00
     10  1      -152.63965596     1.52e-09      0.00
     10  2      -152.57230723     8.89e-09      0.00

     11  0 *    -152.67194861     9.82e-11      0.00
     11  1      -152.63965596     2.69e-10      0.00
     11  2      -152.57230723     9.56e-10      0.00

     12  0 *    -152.67194861     6.31e-11      0.00
     12  1 *    -152.63965596     3.95e-11      0.00
     12  2      -152.57230723     1.93e-10      0.00

     13  0 *    -152.67194861     6.23e-11      0.00
     13  1 *    -152.63965596     3.94e-11      0.00
     13  2 *    -152.57230723     3.55e-11      0.00

     * ci vector, state   0, <S^2> = -0.0000
       22ab..    -0.5804120196
       22ba..    -0.5804120196
       2a2b..    -0.1872362193
       2b2a..    -0.1872362193
       2abba.    -0.1721222165
       2baab.    -0.1721222165
       2a.b2.    -0.1451494330
       2b.a2.    -0.1451494330
       2.ab2.     0.1424145929
       2.ba2.     0.1424145929
       22.ab.    -0.1376967863
       22.ba.    -0.1376967863
       2.2ba.     0.1336828286
       2.2ab.     0.1336828286
       2baba.    -0.0978068356
       2abab.    -0.0978068356
       2aabb.     0.0743153809
       2bbaa.     0.0743153809

     * ci vector, state   1, <S^2> = -0.0000
       2b2a..     0.4773727093
       2a2b..     0.4773727093
       22.ab.     0.3612731364
       22.ba.     0.3612731364
       22ab..    -0.2988810696
       22ba..    -0.2988810696
       2b.a2.     0.1601380600
       2a.b2.     0.1601380600
       2.2ab.    -0.1416197567
       2.2ba.    -0.1416197567

     * ci vector, state   2, <S^2> = 0.0000
       22.ba.    -0.3869307356
       22.ab.    -0.3869307356
       2baba.    -0.3183698304
       2abab.    -0.3183698304
       2bbaa.    -0.3170524392
       2aabb.    -0.3170524392
       2b2a..     0.3008000306
       2a2b..     0.3008000306
       2.2ba.     0.1951535123
       2.2ab.     0.1951535123
       2b.a2.     0.1212917897
       2a.b2.     0.1212917897
       - FCI and RDMs                              0.00
    * Integral transformation done. Elapsed time: 0.01

     guess   0:   closed 11....               open ..11..              
     guess   1:   closed 1.1...               open .1.1..              
     guess   2:   closed 11....               open ...11.              

  === FCI iteration ===

      0  0      -152.61448832     1.03e-02      0.00
      0  1      -152.55466747     1.28e-02      0.00
      0  2      -152.43254274     1.22e-02      0.00

      1  0      -152.65997170     6.86e-03      0.00
      1  1      -152.63595088     3.41e-03      0.00
      1  2      -152.55515691     7.13e-03      0.00

      2  0      -152.67157175     1.39e-03      0.00
      2  1      -152.63948881     1.11e-03      0.00
      2  2      -152.56992960     2.89e-03      0.00

      3  0      -152.67198082     2.17e-04      0.00
      3  1      -152.63987414     3.49e-04      0.00
      3  2      -152.57220922     7.20e-04      0.00

      4  0      -152.67199563     5.34e-05      0.00
      4  1      -152.63991009     7.65e-05      0.00
      4  2      -152.57238585     1.79e-04      0.00

      5  0      -152.67199641     9.35e-06      0.00
      5  1      -152.63991194     1.37e-05      0.00
      5  2      -152.57239478     3.45e-05      0.00

      6  0      -152.67199644     1.88e-06      0.00
      6  1      -152.63991200     2.90e-06      0.00
      6  2      -152.57239521     9.51e-06      0.00

      7  0      -152.67199644     3.54e-07      0.00
      7  1      -152.63991200     3.19e-07      0.00
      7  2      -152.57239524     1.84e-06      0.00

      8  0      -152.67199644     3.91e-08      0.00
      8  1      -152.63991200     6.41e-08      0.00
      8  2      -152.57239524     4.15e-07      0.00

      9  0      -152.67199644     5.64e-09      0.00
      9  1      -152.63991200     1.14e-08      0.00
      9  2      -152.57239524     6.79e-08      0.00

     10  0      -152.67199644     7.81e-10      0.00
     10  1      -152.63991200     1.67e-09      0.00
     10  2      -152.57239524     9.00e-09      0.00

     11  0      -152.67199644     1.04e-10      0.00
     11  1      -152.63991200     2.85e-10      0.00
     11  2      -152.57239524     8.53e-10      0.00

     12  0 *    -152.67199644     1.44e-11      0.00
     12  1 *    -152.63991200     3.97e-11      0.00
     12  2      -152.57239524     1.65e-10      0.00

     13  0 *    -152.67199644     1.28e-11      0.00
     13  1 *    -152.63991200     3.96e-11      0.00
     13  2 *    -152.57239524     2.63e-11      0.00

     * ci vector, state   0, <S^2> = 0.0000
       22ab..     0.5808562476
       22ba..     0.5808562476
       2b2a..     0.1874996596
       2a2b..     0.1874996596
       2abba.    -0.1718920507
       2baab.    -0.1718920507
       2a.b2.     0.1455009353
       2b.a2.     0.1455009353
       2.ab2.    -0.1424152175
       2.ba2.    -0.1424152175
       22.ab.    -0.1361800006
       22.ba.    -0.1361800006
       2.2ba.     0.1330082675
       2.2ab.     0.1330082675
       2baba.    -0.0982755939
       2abab.    -0.0982755939
       2bbaa.     0.0736164568
       2aabb.     0.0736164568

     * ci vector, state   1, <S^2> = 0.0000
       2b2a..     0.4786695995
       2a2b..     0.4786695995
       22.ab.    -0.3600461384
       22.ba.    -0.3600461384
       22ab..    -0.2981375669
       22ba..    -0.2981375669
       2b.a2.     0.1601338741
       2a.b2.     0.1601338741
       2.2ab.     0.1416880534
       2.2ba.     0.1416880534

     * ci vector, state   2, <S^2> = -0.0000
       22.ba.    -0.3881889134
       22.ab.    -0.3881889134
       2baba.    -0.3174650535
       2abab.    -0.3174650535
       2bbaa.    -0.3170303221
       2aabb.    -0.3170303221
       2b2a..    -0.3002137701
       2a2b..    -0.3002137701
       2.2ba.     0.1955297447
       2.2ab.     0.1955297447
       2b.a2.    -0.1203564741
       2a.b2.    -0.1203564741
       - FCI and RDMs                              0.00
    * Integral transformation done. Elapsed time: 0.01

     guess   0:   closed 11....               open ..11..              
     guess   1:   closed 1.1...               open .1.1..              
     guess   2:   closed 11....               open ...11.              

  === FCI iteration ===

      0  0      -152.61445944     1.03e-02      0.00
      0  1      -152.55490968     1.28e-02      0.00
      0  2      -152.43260883     1.23e-02      0.00

      1  0      -152.65989339     6.87e-03      0.00
      1  1      -152.63617502     3.42e-03      0.00
      1  2      -152.55569158     7.10e-03      0.00

      2  0      -152.67158444     1.40e-03      0.00
      2  1      -152.63973840     1.10e-03      0.00
      2  2      -152.57006106     2.88e-03      0.00

      3  0      -152.67200473     2.23e-04      0.00
      3  1      -152.64012184     3.46e-04      0.00
      3  2      -152.57234931     7.29e-04      0.00

      4  0      -152.67202046     5.37e-05      0.00
      4  1      -152.64015705     7.54e-05      0.00
      4  2      -152.57253607     1.83e-04      0.00

      5  0      -152.67202127     9.39e-06      0.00
      5  1      -152.64015886     1.39e-05      0.00
      5  2      -152.57254545     3.56e-05      0.00

      6  0      -152.67202129     1.88e-06      0.00
      6  1      -152.64015892     2.87e-06      0.00
      6  2      -152.57254592     9.60e-06      0.00

      7  0      -152.67202129     3.53e-07      0.00
      7  1      -152.64015893     3.18e-07      0.00
      7  2      -152.57254595     1.84e-06      0.00

      8  0      -152.67202129     3.81e-08      0.00
      8  1      -152.64015893     6.41e-08      0.00
      8  2      -152.57254595     4.18e-07      0.00

      9  0      -152.67202129     5.75e-09      0.00
      9  1      -152.64015893     1.18e-08      0.00
      9  2      -152.57254595     7.02e-08      0.00

     10  0      -152.67202129     8.47e-10      0.00
     10  1      -152.64015893     1.81e-09      0.00
     10  2      -152.57254595     8.93e-09      0.00

     11  0      -152.67202129     1.08e-10      0.00
     11  1      -152.64015893     2.95e-10      0.00
     11  2      -152.57254595     8.12e-10      0.00

     12  0 *    -152.67202129     1.42e-11      0.00
     12  1 *    -152.64015893     3.88e-11      0.00
     12  2      -152.57254595     1.52e-10      0.00

     13  0 *    -152.67202129     1.17e-11      0.00
     13  1 *    -152.64015893     3.76e-11      0.00
     13  2 *    -152.57254595     2.67e-11      0.00

     * ci vector, state   0, <S^2> = -0.0000
       22ab..    -0.5809630305
       22ba..    -0.5809630305
       2b2a..    -0.1883450425
       2a2b..    -0.1883450425
       2abba.     0.1717071437
       2baab.     0.1717071437
       2b.a2.    -0.1460394279
       2a.b2.    -0.1460394279
       2.ba2.     0.1423895389
       2.ab2.     0.1423895389
       22.ab.     0.1349428110
       22.ba.     0.1349428110
       2.2ab.    -0.1324855027
       2.2ba.    -0.1324855027
       2baba.     0.0987260677
       2abab.     0.0987260677
       2bbaa.    -0.0729810760
       2aabb.    -0.0729810760

     * ci vector, state   1, <S^2> = 0.0000
       2a2b..     0.4798211059
       2b2a..     0.4798211059
       22.ba.    -0.3586045591
       22.ab.    -0.3586045591
       22ab..    -0.2980642595
       22ba..    -0.2980642595
       2b.a2.     0.1599502215
       2a.b2.     0.1599502215
       2.2ba.     0.1415054492
       2.2ab.     0.1415054492

     * ci vector, state   2, <S^2> = 0.0000
       22.ba.     0.3894765665
       22.ab.     0.3894765665
       2bbaa.     0.3170097518
       2aabb.     0.3170097518
       2baba.     0.3166468053
       2abab.     0.3166468053
       2b2a..     0.2994079943
       2a2b..     0.2994079943
       2.2ba.    -0.1959549903
       2.2ab.    -0.1959549903
       2b.a2.     0.1193685099
       2a.b2.     0.1193685099
       - FCI and RDMs                              0.00
    * Integral transformation done. Elapsed time: 0.01

     guess   0:   closed 11....               open ..11..              
     guess   1:   closed 1.1...               open .1.1..              
     guess   2:   closed 11....               open ...11.              

  === FCI iteration ===

      0  0      -152.61443458     1.03e-02      0.00
      0  1      -152.55513939     1.28e-02      0.00
      0  2      -152.43267528     1.23e-02      0.00

      1  0      -152.65982634     6.87e-03      0.00
      1  1      -152.63638858     3.43e-03      0.00
      1  2      -152.55627789     7.09e-03      0.00

      2  0      -152.67157855     1.41e-03      0.00
      2  1      -152.63996909     1.09e-03      0.00
      2  2      -152.57026417     2.86e-03      0.00

      3  0      -152.67200775     2.28e-04      0.00
      3  1      -152.64035038     3.42e-04      0.00
      3  2      -152.57255759     7.37e-04      0.00

      4  0      -152.67202437     5.33e-05      0.00
      4  1      -152.64038486     7.47e-05      0.00
      4  2      -152.57275388     1.85e-04      0.00

      5  0      -152.67202519     9.25e-06      0.00
      5  1      -152.64038665     1.42e-05      0.00
      5  2      -152.57276358     3.59e-05      0.00

      6  0      -152.67202521     1.85e-06      0.00
      6  1      -152.64038672     2.84e-06      0.00
      6  2      -152.57276407     9.42e-06      0.00

      7  0      -152.67202521     3.38e-07      0.00
      7  1      -152.64038672     3.15e-07      0.00
      7  2      -152.57276409     1.77e-06      0.00

      8  0      -152.67202521     3.66e-08      0.00
      8  1      -152.64038672     6.38e-08      0.00
      8  2      -152.57276410     4.11e-07      0.00

      9  0      -152.67202521     5.83e-09      0.00
      9  1      -152.64038672     1.18e-08      0.00
      9  2      -152.57276410     6.93e-08      0.00

     10  0      -152.67202521     9.07e-10      0.00
     10  1      -152.64038672     1.92e-09      0.00
     10  2      -152.57276410     8.60e-09      0.00

     11  0      -152.67202521     1.09e-10      0.00
     11  1      -152.64038672     3.01e-10      0.00
     11  2      -152.57276410     8.01e-10      0.00

     12  0 *    -152.67202521     1.32e-11      0.00
     12  1 *    -152.64038672     3.76e-11      0.00
     12  2      -152.57276410     1.37e-10      0.00

     13  0 *    -152.67202521     1.05e-11      0.00
     13  1 *    -152.64038672     3.56e-11      0.00
     13  2 *    -152.57276410     2.75e-11      0.00

     * ci vector, state   0, <S^2> = -0.0000
       22ba..    -0.5806462623
       22ab..    -0.5806462623
       2b2a..    -0.1899342001
       2a2b..    -0.1899342001
       2baab.     0.1715875326
       2abba.     0.1715875326
       2b.a2.    -0.1468022094
       2a.b2.    -0.1468022094
       2.ba2.     0.1423373120
       2.ab2.     0.1423373120
       22.ab.     0.1340401874
       22.ba.     0.1340401874
       2.2ab.    -0.1321373043
       2.2ba.    -0.1321373043
       2abab.     0.0991130572
       2baba.     0.0991130572
       2bbaa.    -0.0724744754
       2aabb.    -0.0724744754

     * ci vector, state   1, <S^2> = 0.0000
       2a2b..     0.4807210220
       2b2a..     0.4807210220
       22.ab.    -0.3569781983
       22.ba.    -0.3569781983
       22ba..    -0.2988349907
       22ab..    -0.2988349907
       2a.b2.     0.1595386352
       2b.a2.     0.1595386352
       2.2ba.     0.1410591978
       2.2ab.     0.1410591978

     * ci vector, state   2, <S^2> = 0.0000
       22.ab.    -0.3907076810
       22.ba.    -0.3907076810
       2bbaa.    -0.3169841084
       2aabb.    -0.3169841084
       2baba.    -0.3160064281
       2abab.    -0.3160064281
       2a2b..    -0.2983945179
       2b2a..    -0.2983945179
       2.2ab.     0.1964467907
       2.2ba.     0.1964467907
       2a.b2.    -0.1183579813
       2b.a2.    -0.1183579813
       - FCI and RDMs                              0.00
    * Integral transformation done. Elapsed time: 0.01

     guess   0:   closed 11....               open ..11..              
     guess   1:   closed 1.1...               open .1.1..              
     guess   2:   closed 11....               open ...11.              

  === FCI iteration ===

      0  0      -152.61441515     1.04e-02      0.00
      0  1      -152.55534005     1.28e-02      0.00
      0  2      -152.43273278     1.23e-02      0.00

      1  0      -152.65978254     6.86e-03      0.00
      1  1      -152.63657883     3.43e-03      0.00
      1  2      -152.55689772     7.09e-03      0.00

      2  0      -152.67156077     1.42e-03      0.00
      2  1      -152.64016641     1.08e-03      0.00
      2  2      -152.57053654     2.84e-03      0.00

      3  0      -152.67199626     2.33e-04      0.00
      3  1      -152.64054595     3.39e-04      0.00
      3  2      -152.57283072     7.45e-04      0.00

      4  0      -152.67201372     5.26e-05      0.00
      4  1      -152.64057979     7.45e-05      0.00
      4  2      -152.57303531     1.86e-04      0.00

      5  0      -152.67201453     8.82e-06      0.00
      5  1      -152.64058156     1.46e-05      0.00
      5  2      -152.57304518     3.53e-05      0.00

      6  0      -152.67201455     1.78e-06      0.00
      6  1      -152.64058162     2.81e-06      0.00
      6  2      -152.57304567     8.99e-06      0.00

      7  0      -152.67201455     3.09e-07      0.00
      7  1      -152.64058162     3.10e-07      0.00
      7  2      -152.57304569     1.64e-06      0.00

      8  0      -152.67201455     3.48e-08      0.00
      8  1      -152.64058162     6.34e-08      0.00
      8  2      -152.57304569     3.94e-07      0.00

      9  0      -152.67201455     5.86e-09      0.00
      9  1      -152.64058162     1.16e-08      0.00
      9  2      -152.57304569     6.52e-08      0.00

     10  0      -152.67201455     9.46e-10      0.00
     10  1      -152.64058162     1.98e-09      0.00
     10  2      -152.57304569     7.97e-09      0.00

     11  0      -152.67201455     1.11e-10      0.00
     11  1      -152.64058162     3.05e-10      0.00
     11  2      -152.57304569     7.88e-10      0.00

     12  0 *    -152.67201455     1.27e-11      0.00
     12  1 *    -152.64058162     3.85e-11      0.00
     12  2      -152.57304569     1.15e-10      0.00

     13  0 *    -152.67201455     9.62e-12      0.00
     13  1 *    -152.64058162     3.47e-11      0.00
     13  2 *    -152.57304569     2.44e-11      0.00

     * ci vector, state   0, <S^2> = 0.0000
       22ba..    -0.5798214196
       22ab..    -0.5798214196
       2b2a..    -0.1924083571
       2a2b..    -0.1924083571
       2baab.    -0.1715536099
       2abba.    -0.1715536099
       2b.a2.    -0.1478124097
       2a.b2.    -0.1478124097
       2.ba2.     0.1422647795
       2.ab2.     0.1422647795
       22.ba.    -0.1335308334
       22.ab.    -0.1335308334
       2.2ab.     0.1319802675
       2.2ba.     0.1319802675
       2abab.    -0.0993842968
       2baba.    -0.0993842968
       2bbaa.     0.0721693131
       2aabb.     0.0721693131

     * ci vector, state   1, <S^2> = 0.0000
       2b2a..     0.4812337854
       2a2b..     0.4812337854
       22.ab.     0.3552360122
       22.ba.     0.3552360122
       22ba..    -0.3006053621
       22ab..    -0.3006053621
       2b.a2.     0.1588535778
       2a.b2.     0.1588535778
       2.2ab.    -0.1403655610
       2.2ba.    -0.1403655610

     * ci vector, state   2, <S^2> = -0.0000
       22.ba.    -0.3917649544
       22.ab.    -0.3917649544
       2bbaa.    -0.3169459230
       2aabb.    -0.3169459230
       2baba.    -0.3156455506
       2abab.    -0.3156455506
       2b2a..     0.2972303062
       2a2b..     0.2972303062
       2.2ba.     0.1970069071
       2.2ab.     0.1970069071
       2b.a2.     0.1173824856
       2a.b2.     0.1173824856
       - FCI and RDMs                              0.00
    * Integral transformation done. Elapsed time: 0.01

     guess   0:   closed 11....               open ..11..              
     guess   1:   closed 1.1...               open .1.1..              
     guess   2:   closed 11....               open ...11.              

  === FCI iteration ===

      0  0      -152.61440152     1.04e-02      0.00
      0  1      -152.55549378     1.28e-02      0.00
      0  2      -152.43276933     1.23e-02      0.00

      1  0      -152.65977424     6.85e-03      0.00
      1  1      -152.63673050     3.44e-03      0.00
      1  2      -152.55752286     7.10e-03      0.00

      2  0      -152.67154176     1.42e-03      0.00
      2  1      -152.64031471     1.07e-03      0.00
      2  2      -152.57086452     2.83e-03      0.00

      3  0      -152.67198097     2.38e-04      0.00
      3  1      -152.64069361     3.36e-04      0.00
      3  2      -152.57315315     7.52e-04      0.00

      4  0      -152.67199918     5.21e-05      0.00
      4  1      -152.64072698     7.45e-05      0.00
      4  2      -152.57336396     1.88e-04      0.00

      5  0      -152.67199998     8.08e-06      0.00
      5  1      -152.64072873     1.49e-05      0.00
      5  2      -152.57337395     3.38e-05      0.00

      6  0      -152.67200000     1.68e-06      0.00
      6  1      -152.64072879     2.78e-06      0.00
      6  2      -152.57337441     8.35e-06      0.00

      7  0      -152.67200000     2.81e-07      0.00
      7  1      -152.64072880     3.10e-07      0.00
      7  2      -152.57337443     1.49e-06      0.00

      8  0      -152.67200000     3.30e-08      0.00
      8  1      -152.64072880     6.46e-08      0.00
      8  2      -152.57337443     3.66e-07      0.00

      9  0      -152.67200000     5.81e-09      0.00
      9  1      -152.64072880     1.15e-08      0.00
      9  2      -152.57337443     5.90e-08      0.00

     10  0      -152.67200000     1.01e-09      0.00
     10  1      -152.64072880     1.92e-09      0.00
     10  2      -152.57337443     7.89e-09      0.00

     11  0      -152.67200000     1.28e-10      0.00
     11  1      -152.64072880     2.91e-10      0.00
     11  2      -152.57337443     9.88e-10      0.00

     12  0 *    -152.67200000     1.52e-11      0.00
     12  1 *    -152.64072880     3.79e-11      0.00
     12  2      -152.57337443     1.37e-10      0.00

     13  0 *    -152.67200000     8.57e-12      0.00
     13  1 *    -152.64072880     2.59e-11      0.00
     13  2 *    -152.57337443     2.34e-11      0.00

     * ci vector, state   0, <S^2> = -0.0000
       22ba..     0.5784377577
       22ab..     0.5784377577
       2a2b..     0.1958163968
       2b2a..     0.1958163968
       2baab.    -0.1716218711
       2abba.    -0.1716218711
       2b.a2.     0.1490587727
       2a.b2.     0.1490587727
       2.ba2.    -0.1421849488
       2.ab2.    -0.1421849488
       22.ba.    -0.1334609893
       22.ab.    -0.1334609893
       2.2ab.     0.1320170720
       2.2ba.     0.1320170720
       2abab.    -0.0994941412
       2baba.    -0.0994941412
       2aabb.     0.0721277299
       2bbaa.     0.0721277299

     * ci vector, state   1, <S^2> = 0.0000
       2b2a..    -0.4812205007
       2a2b..    -0.4812205007
       22.ba.     0.3534923204
       22.ab.     0.3534923204
       22ab..     0.3034418262
       22ba..     0.3034418262
       2a.b2.    -0.1578725462
       2b.a2.    -0.1578725462
       2.2ba.    -0.1394863745
       2.2ab.    -0.1394863745

     * ci vector, state   2, <S^2> = -0.0000
       22.ba.     0.3925152764
       22.ab.     0.3925152764
       2bbaa.     0.3168906683
       2aabb.     0.3168906683
       2baba.     0.3156514023
       2abab.     0.3156514023
       2b2a..     0.2960268076
       2a2b..     0.2960268076
       2.2ba.    -0.1976060735
       2.2ab.    -0.1976060735
       2b.a2.     0.1165280371
       2a.b2.     0.1165280371
       - FCI and RDMs                              0.00
    * Integral transformation done. Elapsed time: 0.01

     guess   0:   closed 11....               open ..11..              
     guess   1:   closed 1.1...               open .1.1..              
     guess   2:   closed 11....               open ...11.              

  === FCI iteration ===

      0  0      -152.61439280     1.04e-02      0.00
      0  1      -152.55558606     1.29e-02      0.00
      0  2      -152.43277275     1.24e-02      0.00

      1  0      -152.65980909     6.85e-03      0.00
      1  1      -152.63683080     3.45e-03      0.00
      1  2      -152.55811834     7.12e-03      0.00

      2  0      -152.67153332     1.43e-03      0.00
      2  1      -152.64040288     1.07e-03      0.00
      2  2      -152.57122307     2.81e-03      0.00

      3  0      -152.67197416     2.44e-04      0.00
      3  1      -152.64078287     3.34e-04      0.00
      3  2      -152.57349774     7.57e-04      0.00

      4  0      -152.67199303     5.27e-05      0.00
      4  1      -152.64081600     7.46e-05      0.00
      4  2      -152.57371203     1.91e-04      0.00

      5  0      -152.67199384     7.34e-06      0.00
      5  1      -152.64081771     1.48e-05      0.00
      5  2      -152.57372213     3.26e-05      0.00

      6  0      -152.67199386     1.53e-06      0.00
      6  1      -152.64081777     2.74e-06      0.00
      6  2      -152.57372255     7.71e-06      0.00

      7  0      -152.67199386     2.59e-07      0.00
      7  1      -152.64081777     3.32e-07      0.00
      7  2      -152.57372257     1.34e-06      0.00

      8  0      -152.67199386     3.19e-08      0.00
      8  1      -152.64081777     6.65e-08      0.00
      8  2      -152.57372257     3.35e-07      0.00

      9  0      -152.67199386     5.77e-09      0.00
      9  1      -152.64081777     1.18e-08      0.00
      9  2      -152.57372257     5.26e-08      0.00

     10  0      -152.67199386     1.08e-09      0.00
     10  1      -152.64081777     1.78e-09      0.00
     10  2      -152.57372257     8.23e-09      0.00

     11  0      -152.67199386     1.25e-10      0.00
     11  1      -152.64081777     2.45e-10      0.00
     11  2      -152.57372257     1.05e-09      0.00

     12  0 *    -152.67199386     1.53e-11      0.00
     12  1 *    -152.64081777     3.21e-11      0.00
     12  2      -152.57372257     1.53e-10      0.00

     13  0 *    -152.67199386     9.61e-12      0.00
     13  1 *    -152.64081777     2.35e-11      0.00
     13  2 *    -152.57372257     2.74e-11      0.00

     * ci vector, state   0, <S^2> = -0.0000
       22ab..    -0.5765213432
       22ba..    -0.5765213432
       2a2b..    -0.2000336119
       2b2a..    -0.2000336119
       2abba.    -0.1717982024
       2baab.    -0.1717982024
       2a.b2.    -0.1504783561
       2b.a2.    -0.1504783561
       2.ab2.     0.1421140676
       2.ba2.     0.1421140676
       22.ba.    -0.1338411438
       22.ab.    -0.1338411438
       2.2ba.     0.1322315323
       2.2ab.     0.1322315323
       2baba.    -0.0994241189
       2abab.    -0.0994241189
       2aabb.     0.0723740834
       2bbaa.     0.0723740834

     * ci vector, state   1, <S^2> = -0.0000
       2a2b..    -0.4805949761
       2b2a..    -0.4805949761
       22.ba.    -0.3518882540
       22.ab.    -0.3518882540
       22ba..     0.3072393634
       22ab..     0.3072393634
       2a.b2.    -0.1566221995
       2b.a2.    -0.1566221995
       2.2ba.     0.1385277457
       2.2ab.     0.1385277457

     * ci vector, state   2, <S^2> = 0.0000
       22.ba.    -0.3928503354
       22.ab.    -0.3928503354
       2bbaa.    -0.3168218497
       2aabb.    -0.3168218497
       2baba.    -0.3160585331
       2abab.    -0.3160585331
       2b2a..     0.2949286084
       2a2b..     0.2949286084
       2.2ba.     0.1981825199
       2.2ab.     0.1981825199
       2b.a2.     0.1158897997
       2a.b2.     0.1158897997
       - FCI and RDMs                              0.00
    * Integral transformation done. Elapsed time: 0.01

     guess   0:   closed 11....               open ..11..              
     guess   1:   closed 1.1...               open .1.1..              
     guess   2:   closed 11....               open ...11.              

  === FCI iteration ===

      0  0      -152.61438721     1.05e-02      0.00
      0  1      -152.55561121     1.29e-02      0.00
      0  2      -152.43273526     1.24e-02      0.00

      1  0      -152.65988593     6.84e-03      0.00
      1  1      -152.63687564     3.45e-03      0.00
      1  2      -152.55865106     7.16e-03      0.00

      2  0      -152.67154388     1.43e-03      0.00
      2  1      -152.64043020     1.07e-03      0.00
      2  2      -152.57158192     2.78e-03      0.00

      3  0      -152.67198495     2.50e-04      0.00
      3  1      -152.64081324     3.34e-04      0.00
      3  2      -152.57383326     7.60e-04      0.00

      4  0      -152.67200438     5.46e-05      0.00
      4  1      -152.64084634     7.44e-05      0.00
      4  2      -152.57404802     1.96e-04      0.00

      5  0      -152.67200522     7.14e-06      0.00
      5  1      -152.64084801     1.43e-05      0.00
      5  2      -152.57405826     3.23e-05      0.00

      6  0      -152.67200523     1.34e-06      0.00
      6  1      -152.64084806     2.52e-06      0.00
      6  2      -152.57405865     7.25e-06      0.00

      7  0      -152.67200523     2.38e-07      0.00
      7  1      -152.64084806     3.56e-07      0.00
      7  2      -152.57405866     1.25e-06      0.00

      8  0      -152.67200523     3.16e-08      0.00
      8  1      -152.64084806     6.46e-08      0.00
      8  2      -152.57405867     3.07e-07      0.00

      9  0      -152.67200523     5.79e-09      0.00
      9  1      -152.64084806     1.16e-08      0.00
      9  2      -152.57405867     4.66e-08      0.00

     10  0      -152.67200523     1.09e-09      0.00
     10  1      -152.64084806     1.62e-09      0.00
     10  2      -152.57405867     7.95e-09      0.00

     11  0      -152.67200523     1.21e-10      0.00
     11  1      -152.64084806     2.16e-10      0.00
     11  2      -152.57405867     1.06e-09      0.00

     12  0 *    -152.67200523     1.57e-11      0.00
     12  1 *    -152.64084806     2.74e-11      0.00
     12  2      -152.57405867     1.60e-10      0.00

     13  0 *    -152.67200523     1.18e-11      0.00
     13  1 *    -152.64084806     2.27e-11      0.00
     13  2 *    -152.57405867     2.91e-11      0.00

     * ci vector, state   0, <S^2> = -0.0000
       22ba..    -0.5741968097
       22ab..    -0.5741968097
       2a2b..    -0.2047431533
       2b2a..    -0.2047431533
       2abba.     0.1720735661
       2baab.     0.1720735661
       2a.b2.    -0.1519613152
       2b.a2.    -0.1519613152
       2.ba2.     0.1420647607
       2.ab2.     0.1420647607
       22.ab.     0.1346317809
       22.ba.     0.1346317809
       2.2ab.    -0.1325915823
       2.2ba.    -0.1325915823
       2abab.     0.0991981435
       2baba.     0.0991981435
       2bbaa.    -0.0728754227
       2aabb.    -0.0728754227

     * ci vector, state   1, <S^2> = 0.0000
       2b2a..    -0.4793829791
       2a2b..    -0.4793829791
       22.ba.     0.3505426735
       22.ab.     0.3505426735
       22ba..     0.3116992253
       22ab..     0.3116992253
       2a.b2.    -0.1551904082
       2b.a2.    -0.1551904082
       2.2ba.    -0.1376067521
       2.2ab.    -0.1376067521

     * ci vector, state   2, <S^2> = 0.0000
       22.ba.    -0.3927370765
       22.ab.    -0.3927370765
       2baba.    -0.3168198221
       2abab.    -0.3168198221
       2bbaa.    -0.3167546939
       2aabb.    -0.3167546939
       2b2a..    -0.2940565609
       2a2b..    -0.2940565609
       2.2ba.     0.1986674810
       2.2ab.     0.1986674810
       2b.a2.    -0.1155310261
       2a.b2.    -0.1155310261
       - FCI and RDMs                              0.00
    * Integral transformation done. Elapsed time: 0.01

     guess   0:   closed 11....               open ..11..              
     guess   1:   closed 1.1...               open .1.1..              
     guess   2:   closed 11....               open ...11.              

  === FCI iteration ===

      0  0      -152.61438299     1.05e-02      0.00
      0  1      -152.55557481     1.30e-02      0.00
      0  2      -152.43265758     1.24e-02      0.00

      1  0      -152.65999517     6.84e-03      0.00
      1  1      -152.63687173     3.46e-03      0.00
      1  2      -152.55909972     7.21e-03      0.00

      2  0      -152.67157549     1.43e-03      0.00
      2  1      -152.64040717     1.08e-03      0.00
      2  2      -152.57191533     2.76e-03      0.00

      3  0      -152.67201600     2.56e-04      0.00
      3  1      -152.64079507     3.34e-04      0.00
      3  2      -152.57413501     7.61e-04      0.00

      4  0      -152.67203590     5.71e-05      0.00
      4  1      -152.64082834     7.39e-05      0.00
      4  2      -152.57434753     2.00e-04      0.00

      5  0      -152.67203680     7.42e-06      0.00
      5  1      -152.64082995     1.35e-05      0.00
      5  2      -152.57435789     3.19e-05      0.00

      6  0      -152.67203681     1.19e-06      0.00
      6  1      -152.64083000     2.10e-06      0.00
      6  2      -152.57435825     6.59e-06      0.00

      7  0      -152.67203681     2.23e-07      0.00
      7  1      -152.64083000     3.44e-07      0.00
      7  2      -152.57435826     1.20e-06      0.00

      8  0      -152.67203681     3.17e-08      0.00
      8  1      -152.64083000     5.96e-08      0.00
      8  2      -152.57435826     2.83e-07      0.00

      9  0      -152.67203681     5.88e-09      0.00
      9  1      -152.64083000     1.10e-08      0.00
      9  2      -152.57435826     4.14e-08      0.00

     10  0      -152.67203681     1.07e-09      0.00
     10  1      -152.64083000     1.48e-09      0.00
     10  2      -152.57435826     7.45e-09      0.00

     11  0      -152.67203681     1.21e-10      0.00
     11  1      -152.64083000     1.92e-10      0.00
     11  2      -152.57435826     1.07e-09      0.00

     12  0 *    -152.67203681     1.61e-11      0.00
     12  1 *    -152.64083000     2.49e-11      0.00
     12  2      -152.57435826     1.53e-10      0.00

     13  0 *    -152.67203681     1.33e-11      0.00
     13  1 *    -152.64083000     2.27e-11      0.00
     13  2 *    -152.57435826     2.90e-11      0.00

     * ci vector, state   0, <S^2> = 0.0000
       22ba..     0.5716566627
       22ab..     0.5716566627
       2b2a..    -0.2095318581
       2a2b..    -0.2095318581
       2baab.     0.1724259979
       2abba.     0.1724259979
       2b.a2.    -0.1533858780
       2a.b2.    -0.1533858780
       2.ba2.    -0.1420414283
       2.ab2.    -0.1420414283
       22.ab.    -0.1357516709
       22.ba.    -0.1357516709
       2.2ab.     0.1330585460
       2.2ba.     0.1330585460
       2abab.     0.0988756445
       2baba.     0.0988756445
       2bbaa.    -0.0735503534
       2aabb.    -0.0735503534

     * ci vector, state   1, <S^2> = 0.0000
       2b2a..     0.4777291016
       2a2b..     0.4777291016
       22.ab.     0.3495055913
       22.ba.     0.3495055913
       22ba..     0.3164174878
       22ab..     0.3164174878
       2b.a2.     0.1537038407
       2a.b2.     0.1537038407
       2.2ab.    -0.1368047869
       2.2ba.    -0.1368047869

     * ci vector, state   2, <S^2> = 0.0000
       22.ab.     0.3922365849
       22.ba.     0.3922365849
       2abab.    -0.3178171945
       2baba.    -0.3178171945
       2aabb.    -0.3167126074
       2bbaa.    -0.3167126074
       2a2b..    -0.2934567295
       2b2a..    -0.2934567295
       2.2ab.    -0.1990218789
       2.2ba.    -0.1990218789
       2a.b2.    -0.1154503605
       2b.a2.    -0.1154503605
       - FCI and RDMs                              0.00
    * Integral transformation done. Elapsed time: 0.01

     guess   0:   closed 11....               open ..11..              
     guess   1:   closed 1.1...               open .1.1..              
     guess   2:   closed 11....               open ...11.              

  === FCI iteration ===

      0  0      -152.61437922     1.05e-02      0.00
      0  1      -152.55549083     1.31e-02      0.00
      0  2      -152.43254869     1.24e-02      0.00

      1  0      -152.66012342     6.85e-03      0.00
      1  1      -152.63683268     3.46e-03      0.00
      1  2      -152.55945876     7.26e-03      0.00

      2  0      -152.67162460     1.43e-03      0.00
      2  1      -152.64035029     1.09e-03      0.00
      2  2      -152.57220855     2.74e-03      0.00

      3  0      -152.67206414     2.62e-04      0.00
      3  1      -152.64074441     3.35e-04      0.00
      3  2      -152.57439087     7.58e-04      0.00

      4  0      -152.67208445     5.96e-05      0.00
      4  1      -152.64077795     7.32e-05      0.00
      4  2      -152.57459912     2.02e-04      0.00

      5  0      -152.67208541     7.75e-06      0.00
      5  1      -152.64077950     1.28e-05      0.00
      5  2      -152.57460953     3.07e-05      0.00

      6  0      -152.67208543     1.10e-06      0.00
      6  1      -152.64077955     1.70e-06      0.00
      6  2      -152.57460985     5.71e-06      0.00

      7  0      -152.67208543     2.19e-07      0.00
      7  1      -152.64077955     2.92e-07      0.00
      7  2      -152.57460986     1.12e-06      0.00

      8  0      -152.67208543     3.22e-08      0.00
      8  1      -152.64077955     5.26e-08      0.00
      8  2      -152.57460986     2.61e-07      0.00

      9  0      -152.67208543     6.05e-09      0.00
      9  1      -152.64077955     1.00e-08      0.00
      9  2      -152.57460986     3.72e-08      0.00

     10  0      -152.67208543     1.03e-09      0.00
     10  1      -152.64077955     1.35e-09      0.00
     10  2      -152.57460986     6.71e-09      0.00

     11  0      -152.67208543     1.21e-10      0.00
     11  1      -152.64077955     1.68e-10      0.00
     11  2      -152.57460986     1.04e-09      0.00

     12  0 *    -152.67208543     1.65e-11      0.00
     12  1 *    -152.64077955     2.42e-11      0.00
     12  2      -152.57460986     1.41e-10      0.00

     13  0 *    -152.67208543     1.41e-11      0.00
     13  1 *    -152.64077955     2.25e-11      0.00
     13  2 *    -152.57460986     2.79e-11      0.00

     * ci vector, state   0, <S^2> = -0.0000
       22ba..     0.5690958652
       22ab..     0.5690958652
       2b2a..     0.2140382753
       2a2b..     0.2140382753
       2baab.    -0.1728273556
       2abba.    -0.1728273556
       2b.a2.     0.1546597597
       2a.b2.     0.1546597597
       2.ba2.    -0.1420409556
       2.ab2.    -0.1420409556
       22.ab.    -0.1371009874
       22.ba.    -0.1371009874
       2.2ab.     0.1335945784
       2.2ba.     0.1335945784
       2abab.    -0.0985250048
       2baba.    -0.0985250048
       2bbaa.     0.0743023509
       2aabb.     0.0743023509

     * ci vector, state   1, <S^2> = -0.0000
       2b2a..    -0.4758381223
       2a2b..    -0.4758381223
       22.ab.     0.3487525141
       22.ba.     0.3487525141
       22ab..     0.3210259533
       22ba..     0.3210259533
       2b.a2.    -0.1522830488
       2a.b2.    -0.1522830488
       2.2ab.    -0.1361466986
       2.2ba.    -0.1361466986

     * ci vector, state   2, <S^2> = -0.0000
       22.ab.     0.3914734336
       22.ba.     0.3914734336
       2abab.     0.3189087942
       2baba.     0.3189087942
       2aabb.     0.3167166377
       2bbaa.     0.3167166377
       2a2b..     0.2930984555
       2b2a..     0.2930984555
       2.2ba.    -0.1992497792
       2.2ab.    -0.1992497792
       2a.b2.     0.1155872794
       2b.a2.     0.1155872794
       - FCI and RDMs                              0.00
    * Integral transformation done. Elapsed time: 0.01

     guess   0:   closed 11....               open ..11..              
     guess   1:   closed 1.1...               open .1.1..              
     guess   2:   closed 11....               open ...11.              

  === FCI iteration ===

      0  0      -152.61437568     1.05e-02      0.00
      0  1      -152.55537616     1.31e-02      0.00
      0  2      -152.43242178     1.25e-02      0.00

      1  0      -152.66025841     6.86e-03      0.00
      1  1      -152.63677266     3.47e-03      0.00
      1  2      -152.55973513     7.32e-03      0.00

      2  0      -152.67168508     1.44e-03      0.00
      2  1      -152.64027531     1.10e-03      0.00
      2  2      -152.57245763     2.72e-03      0.00

      3  0      -152.67212346     2.67e-04      0.00
      3  1      -152.64067645     3.37e-04      0.00
      3  2      -152.57460011     7.53e-04      0.00

      4  0      -152.67214410     6.16e-05      0.00
      4  1      -152.64071029     7.24e-05      0.00
      4  2      -152.57480278     2.01e-04      0.00

      5  0      -152.67214513     7.94e-06      0.00
      5  1      -152.64071179     1.24e-05      0.00
      5  2      -152.57481312     2.90e-05      0.00

      6  0      -152.67214515     1.05e-06      0.00
      6  1      -152.64071183     1.44e-06      0.00
      6  2      -152.57481340     4.91e-06      0.00

      7  0      -152.67214515     2.18e-07      0.00
      7  1      -152.64071183     2.02e-07      0.00
      7  2      -152.57481341     9.73e-07      0.00

      8  0      -152.67214515     3.30e-08      0.00
      8  1      -152.64071183     4.25e-08      0.00
      8  2      -152.57481341     2.34e-07      0.00

      9  0      -152.67214515     6.24e-09      0.00
      9  1      -152.64071183     8.63e-09      0.00
      9  2      -152.57481341     3.40e-08      0.00

     10  0      -152.67214515     9.99e-10      0.00
     10  1      -152.64071183     1.22e-09      0.00
     10  2      -152.57481341     5.85e-09      0.00

     11  0      -152.67214515     1.20e-10      0.00
     11  1      -152.64071183     1.46e-10      0.00
     11  2      -152.57481341     9.31e-10      0.00

     12  0 *    -152.67214515     1.72e-11      0.00
     12  1 *    -152.64071183     2.27e-11      0.00
     12  2      -152.57481341     1.23e-10      0.00

     13  0 *    -152.67214515     1.45e-11      0.00
     13  1 *    -152.64071183     2.05e-11      0.00
     13  2 *    -152.57481341     2.46e-11      0.00

     * ci vector, state   0, <S^2> = 0.0000
       22ba..     0.5666596691
       22ab..     0.5666596691
       2b2a..    -0.2180451671
       2a2b..    -0.2180451671
       2baab.    -0.1732496730
       2abba.    -0.1732496730
       2b.a2.    -0.1557398523
       2a.b2.    -0.1557398523
       2.ba2.    -0.1420570802
       2.ab2.    -0.1420570802
       22.ab.     0.1385815855
       22.ba.     0.1385815855
       2.2ab.    -0.1341657918
       2.2ba.    -0.1341657918
       2abab.    -0.0981979614
       2baba.    -0.0981979614
       2bbaa.     0.0750517117
       2aabb.     0.0750517117

     * ci vector, state   1, <S^2> = -0.0000
       2a2b..     0.4738982659
       2b2a..     0.4738982659
       22.ba.    -0.3482188819
       22.ab.    -0.3482188819
       22ba..     0.3252822828
       22ab..     0.3252822828
       2a.b2.     0.1510078851
       2b.a2.     0.1510078851
       2.2ba.     0.1356166607
       2.2ab.     0.1356166607

     * ci vector, state   2, <S^2> = 0.0000
       22.ba.     0.3905812054
       22.ab.     0.3905812054
       2abab.    -0.3199777429
       2baba.    -0.3199777429
       2aabb.    -0.3167754778
       2bbaa.    -0.3167754778
       2b2a..     0.2929144666
       2a2b..     0.2929144666
       2.2ba.    -0.1993814187
       2.2ab.    -0.1993814187
       2b.a2.     0.1158594175
       2a.b2.     0.1158594175
       - FCI and RDMs                              0.00
    * Integral transformation done. Elapsed time: 0.01

     guess   0:   closed 11....               open ..11..              
     guess   1:   closed 1.1...               open .1.1..              
     guess   2:   closed 11....               open ...11.              

  === FCI iteration ===

      0  0      -152.61437242     1.05e-02      0.00
      0  1      -152.55524613     1.32e-02      0.00
      0  2      -152.43228961     1.25e-02      0.00

      1  0      -152.66039140     6.88e-03      0.00
      1  1      -152.63670262     3.48e-03      0.00
      1  2      -152.55994214     7.37e-03      0.00

      2  0      -152.67175091     1.44e-03      0.00
      2  1      -152.64019363     1.11e-03      0.00
      2  2      -152.57266558     2.69e-03      0.00

      3  0      -152.67218801     2.71e-04      0.00
      3  1      -152.64060208     3.39e-04      0.00
      3  2      -152.57476836     7.46e-04      0.00

      4  0      -152.67220891     6.29e-05      0.00
      4  1      -152.64063618     7.16e-05      0.00
      4  2      -152.57496478     1.99e-04      0.00

      5  0      -152.67220999     7.99e-06      0.00
      5  1      -152.64063763     1.20e-05      0.00
      5  2      -152.57497494     2.73e-05      0.00

      6  0      -152.67221000     1.03e-06      0.00
      6  1      -152.64063767     1.32e-06      0.00
      6  2      -152.57497518     4.34e-06      0.00

      7  0      -152.67221000     2.14e-07      0.00
      7  1      -152.64063767     1.64e-07      0.00
      7  2      -152.57497519     8.57e-07      0.00

      8  0      -152.67221000     3.38e-08      0.00
      8  1      -152.64063767     3.63e-08      0.00
      8  2      -152.57497519     2.10e-07      0.00

      9  0      -152.67221000     6.32e-09      0.00
      9  1      -152.64063767     7.00e-09      0.00
      9  2      -152.57497519     3.27e-08      0.00

     10  0      -152.67221000     9.84e-10      0.00
     10  1      -152.64063767     1.01e-09      0.00
     10  2      -152.57497519     5.73e-09      0.00

     11  0      -152.67221000     1.22e-10      0.00
     11  1      -152.64063767     1.25e-10      0.00
     11  2      -152.57497519     9.05e-10      0.00

     12  0 *    -152.67221000     1.81e-11      0.00
     12  1 *    -152.64063767     1.99e-11      0.00
     12  2      -152.57497519     1.20e-10      0.00

     13  0 *    -152.67221000     1.31e-11      0.00
     13  1 *    -152.64063767     1.30e-11      0.00
     13  2 *    -152.57497519     2.23e-11      0.00

     * ci vector, state   0, <S^2> = -0.0000
       22ab..     0.5644294357
       22ba..     0.5644294357
       2b2a..     0.2214799223
       2a2b..     0.2214799223
       2abba.     0.1736693578
       2baab.     0.1736693578
       2a.b2.     0.1566252618
       2b.a2.     0.1566252618
       2.ab2.    -0.1420839767
       2.ba2.    -0.1420839767
       22.ab.     0.1401090877
       22.ba.     0.1401090877
       2.2ba.    -0.1347439421
       2.2ab.    -0.1347439421
       2baba.     0.0979205937
       2abab.     0.0979205937
       2aabb.    -0.0757487642
       2bbaa.    -0.0757487642

     * ci vector, state   1, <S^2> = -0.0000
       2a2b..    -0.4720385377
       2b2a..    -0.4720385377
       22.ab.    -0.3478378716
       22.ba.    -0.3478378716
       22ba..     0.3290761934
       22ab..     0.3290761934
       2b.a2.    -0.1499110009
       2a.b2.    -0.1499110009
       2.2ba.     0.1351854039
       2.2ab.     0.1351854039

     * ci vector, state   2, <S^2> = 0.0000
       22.ba.    -0.3896638147
       22.ab.    -0.3896638147
       2baba.    -0.3209534330
       2abab.    -0.3209534330
       2bbaa.    -0.3168840151
       2aabb.    -0.3168840151
       2b2a..     0.2928400299
       2a2b..     0.2928400299
       2.2ba.     0.1994500784
       2.2ab.     0.1994500784
       2b.a2.     0.1161963055
       2a.b2.     0.1161963055
       - FCI and RDMs                              0.00
    * Integral transformation done. Elapsed time: 0.01

     guess   0:   closed 11....               open ..11..              
     guess   1:   closed 1.1...               open .1.1..              
     guess   2:   closed 11....               open ...11.              

  === FCI iteration ===

      0  0      -152.61436943     1.05e-02      0.00
      0  1      -152.55511231     1.32e-02      0.00
      0  2      -152.43216171     1.26e-02      0.00

      1  0      -152.66051720     6.89e-03      0.00
      1  1      -152.63662953     3.49e-03      0.00
      1  2      -152.56009440     7.43e-03      0.00

      2  0      -152.67181748     1.44e-03      0.00
      2  1      -152.64011203     1.12e-03      0.00
      2  2      -152.57283831     2.68e-03      0.00

      3  0      -152.67225320     2.74e-04      0.00
      3  1      -152.64052774     3.40e-04      0.00
      3  2      -152.57490330     7.38e-04      0.00

      4  0      -152.67227428     6.37e-05      0.00
      4  1      -152.64056204     7.08e-05      0.00
      4  2      -152.57509324     1.96e-04      0.00

      5  0      -152.67227539     7.96e-06      0.00
      5  1      -152.64056344     1.18e-05      0.00
      5  2      -152.57510315     2.58e-05      0.00

      6  0      -152.67227541     1.01e-06      0.00
      6  1      -152.64056348     1.31e-06      0.00
      6  2      -152.57510335     4.05e-06      0.00

      7  0      -152.67227541     2.12e-07      0.00
      7  1      -152.64056348     2.04e-07      0.00
      7  2      -152.57510336     8.57e-07      0.00

      8  0      -152.67227541     3.42e-08      0.00
      8  1      -152.64056348     3.56e-08      0.00
      8  2      -152.57510336     2.08e-07      0.00

      9  0      -152.67227541     6.47e-09      0.00
      9  1      -152.64056348     6.07e-09      0.00
      9  2      -152.57510336     3.16e-08      0.00

     10  0      -152.67227541     1.05e-09      0.00
     10  1      -152.64056348     8.33e-10      0.00
     10  2      -152.57510336     6.21e-09      0.00

     11  0      -152.67227541     1.32e-10      0.00
     11  1 *    -152.64056348     8.97e-11      0.00
     11  2      -152.57510336     1.15e-09      0.00

     12  0 *    -152.67227541     1.66e-11      0.00
     12  1 *    -152.64056348     5.68e-11      0.00
     12  2      -152.57510336     1.63e-10      0.00

     13  0 *    -152.67227541     1.39e-11      0.00
     13  1 *    -152.64056348     5.65e-11      0.00
     13  2 *    -152.57510336     3.32e-11      0.00

     * ci vector, state   0, <S^2> = -0.0000
       22ba..    -0.5624351572
       22ab..    -0.5624351572
       2a2b..    -0.2243652163
       2b2a..    -0.2243652163
       2abba.    -0.1740693703
       2baab.    -0.1740693703
       2b.a2.    -0.1573388324
       2a.b2.    -0.1573388324
       2.ba2.     0.1421174048
       2.ab2.     0.1421174048
       22.ab.    -0.1416188125
       22.ba.    -0.1416188125
       2.2ba.     0.1353077385
       2.2ab.     0.1353077385
       2baba.    -0.0976985210
       2abab.    -0.0976985210
       2bbaa.     0.0763708493
       2aabb.     0.0763708493

     * ci vector, state   1, <S^2> = 0.0000
       2b2a..    -0.4703267252
       2a2b..    -0.4703267252
       22.ab.    -0.3475585699
       22.ba.    -0.3475585699
       22ba..     0.3323901245
       22ab..     0.3323901245
       2a.b2.    -0.1489907556
       2b.a2.    -0.1489907556
       2.2ba.     0.1348268554
       2.2ab.     0.1348268554

     * ci vector, state   2, <S^2> = 0.0000
       22.ba.    -0.3887853021
       22.ab.    -0.3887853021
       2abab.    -0.3218068086
       2baba.    -0.3218068086
       2aabb.    -0.3170289651
       2bbaa.    -0.3170289651
       2b2a..     0.2928291138
       2a2b..     0.2928291138
       2.2ba.     0.1994804274
       2.2ab.     0.1994804274
       2b.a2.     0.1165514988
       2a.b2.     0.1165514988
       - FCI and RDMs                              0.00
    * Integral transformation done. Elapsed time: 0.01

     guess   0:   closed 11....               open ..11..              
     guess   1:   closed 1.1...               open .1.1..              
     guess   2:   closed 11....               open ...11.              

  === FCI iteration ===

      0  0      -152.61436662     1.05e-02      0.00
      0  1      -152.55498228     1.33e-02      0.00
      0  2      -152.43204381     1.26e-02      0.00

      1  0      -152.66063330     6.91e-03      0.00
      1  1      -152.63655734     3.50e-03      0.00
      1  2      -152.56020502     7.49e-03      0.00

      2  0      -152.67188179     1.44e-03      0.00
      2  1      -152.64003402     1.13e-03      0.00
      2  2      -152.57298211     2.66e-03      0.00

      3  0      -152.67231605     2.76e-04      0.00
      3  1      -152.64045669     3.42e-04      0.00
      3  2      -152.57501219     7.29e-04      0.00

      4  0      -152.67233724     6.40e-05      0.00
      4  1      -152.64049112     7.01e-05      0.00
      4  2      -152.57519573     1.92e-04      0.00

      5  0      -152.67233838     7.88e-06      0.00
      5  1      -152.64049248     1.17e-05      0.00
      5  2      -152.57520535     2.46e-05      0.00

      6  0      -152.67233839     9.96e-07      0.00
      6  1      -152.64049252     1.36e-06      0.00
      6  2      -152.57520553     3.98e-06      0.00

      7  0      -152.67233839     2.10e-07      0.00
      7  1      -152.64049252     2.16e-07      0.00
      7  2      -152.57520553     8.42e-07      0.00

      8  0      -152.67233839     3.44e-08      0.00
      8  1      -152.64049252     3.31e-08      0.00
      8  2      -152.57520553     1.98e-07      0.00

      9  0      -152.67233839     6.51e-09      0.00
      9  1      -152.64049252     5.38e-09      0.00
      9  2      -152.57520553     3.04e-08      0.00

     10  0      -152.67233839     1.11e-09      0.00
     10  1      -152.64049252     7.11e-10      0.00
     10  2      -152.57520553     6.32e-09      0.00

     11  0      -152.67233839     1.34e-10      0.00
     11  1 *    -152.64049252     7.06e-11      0.00
     11  2      -152.57520553     1.12e-09      0.00

     12  0 *    -152.67233839     1.53e-11      0.00
     12  1 *    -152.64049252     5.77e-11      0.00
     12  2      -152.57520553     1.52e-10      0.00

     13  0 *    -152.67233839     1.35e-11      0.00
     13  1 *    -152.64049252     5.77e-11      0.00
     13  2 *    -152.57520553     3.07e-11      0.00

     * ci vector, state   0, <S^2> = 0.0000
       22ab..     0.5606749747
       22ba..     0.5606749747
       2a2b..    -0.2267680684
       2b2a..    -0.2267680684
       2abba.    -0.1744394500
       2baab.    -0.1744394500
       2a.b2.    -0.1579111831
       2b.a2.    -0.1579111831
       22.ab.     0.1430668402
       22.ba.     0.1430668402
       2.ab2.    -0.1421545108
       2.ba2.    -0.1421545108
       2.2ba.    -0.1358430930
       2.2ab.    -0.1358430930
       2baba.    -0.0975263307
       2abab.    -0.0975263307
       2aabb.     0.0769131192
       2bbaa.     0.0769131192

     * ci vector, state   1, <S^2> = -0.0000
       2b2a..     0.4687868390
       2a2b..     0.4687868390
       22.ab.    -0.3473475189
       22.ba.    -0.3473475189
       22ab..     0.3352562346
       22ba..     0.3352562346
       2b.a2.     0.1482278676
       2a.b2.     0.1482278676
       2.2ab.     0.1345224860
       2.2ba.     0.1345224860

     * ci vector, state   2, <S^2> = -0.0000
       22.ba.    -0.3879771944
       22.ab.    -0.3879771944
       2abab.     0.3225355217
       2baba.     0.3225355217
       2aabb.     0.3171954123
       2bbaa.     0.3171954123
       2b2a..    -0.2928537220
       2a2b..    -0.2928537220
       2.2ba.     0.1994875806
       2.2ab.     0.1994875806
       2b.a2.    -0.1168994740
       2a.b2.    -0.1168994740
       - FCI and RDMs                              0.00
    * Integral transformation done. Elapsed time: 0.01

     guess   0:   closed 11....               open ..11..              
     guess   1:   closed 1.1...               open .1.1..              
     guess   2:   closed 11....               open ...11.              

  === FCI iteration ===

      0  0      -152.61436389     1.05e-02      0.00
      0  1      -152.55486034     1.34e-02      0.00
      0  2      -152.43193854     1.26e-02      0.00

      1  0      -152.66073891     6.93e-03      0.00
      1  1      -152.63648808     3.51e-03      0.00
      1  2      -152.56028464     7.54e-03      0.00

      2  0      -152.67194216     1.44e-03      0.00
      2  1      -152.63996111     1.14e-03      0.00
      2  2      -152.57310261     2.65e-03      0.00

      3  0      -152.67237491     2.77e-04      0.00
      3  1      -152.64039032     3.43e-04      0.00
      3  2      -152.57510103     7.20e-04      0.00

      4  0      -152.67239615     6.41e-05      0.00
      4  1      -152.64042482     6.94e-05      0.00
      4  2      -152.57527844     1.88e-04      0.00

      5  0      -152.67239729     7.76e-06      0.00
      5  1      -152.64042614     1.16e-05      0.00
      5  2      -152.57528774     2.36e-05      0.00

      6  0      -152.67239731     9.81e-07      0.00
      6  1      -152.64042618     1.41e-06      0.00
      6  2      -152.57528790     4.00e-06      0.00

      7  0      -152.67239731     2.08e-07      0.00
      7  1      -152.64042618     2.12e-07      0.00
      7  2      -152.57528791     8.09e-07      0.00

      8  0      -152.67239731     3.44e-08      0.00
      8  1      -152.64042618     3.19e-08      0.00
      8  2      -152.57528791     1.89e-07      0.00

      9  0      -152.67239731     6.50e-09      0.00
      9  1      -152.64042618     5.01e-09      0.00
      9  2      -152.57528791     2.89e-08      0.00

     10  0      -152.67239731     1.16e-09      0.00
     10  1      -152.64042618     6.52e-10      0.00
     10  2      -152.57528791     5.89e-09      0.00

     11  0      -152.67239731     1.37e-10      0.00
     11  1 *    -152.64042618     6.58e-11      0.00
     11  2      -152.57528791     9.97e-10      0.00

     12  0 *    -152.67239731     1.44e-11      0.00
     12  1 *    -152.64042618     5.84e-11      0.00
     12  2      -152.57528791     1.35e-10      0.00

     13  0 *    -152.67239731     1.30e-11      0.00
     13  1 *    -152.64042618     5.85e-11      0.00
     13  2 *    -152.57528791     2.74e-11      0.00

     * ci vector, state   0, <S^2> = -0.0000
       22ab..    -0.5591310714
       22ba..    -0.5591310714
       2b2a..    -0.2287666054
       2a2b..    -0.2287666054
       2abba.    -0.1747749499
       2baab.    -0.1747749499
       2b.a2.    -0.1583716693
       2a.b2.    -0.1583716693
       22.ab.    -0.1444272596
       22.ba.    -0.1444272596
       2.ab2.     0.1421933755
       2.ba2.     0.1421933755
       2.2ab.     0.1363421347
       2.2ba.     0.1363421347
       2baba.    -0.0973947735
       2abab.    -0.0973947735
       2bbaa.     0.0773801764
       2aabb.     0.0773801764

     * ci vector, state   1, <S^2> = -0.0000
       2b2a..    -0.4674178119
       2a2b..    -0.4674178119
       22.ab.    -0.3471841000
       22.ba.    -0.3471841000
       22ba..     0.3377264991
       22ab..     0.3377264991
       2b.a2.    -0.1475974517
       2a.b2.    -0.1475974517
       2.2ab.     0.1342601119
       2.2ba.     0.1342601119

     * ci vector, state   2, <S^2> = 0.0000
       22.ba.    -0.3872500912
       22.ab.    -0.3872500912
       2abab.    -0.3231505656
       2baba.    -0.3231505656
       2bbaa.    -0.3173707153
       2aabb.    -0.3173707153
       2b2a..     0.2928980862
       2a2b..     0.2928980862
       2.2ba.     0.1994800212
       2.2ab.     0.1994800212
       2b.a2.     0.1172283900
       2a.b2.     0.1172283900
       - FCI and RDMs                              0.00
    * Integral transformation done. Elapsed time: 0.01

     guess   0:   closed 11....               open ..11..              
     guess   1:   closed 1.1...               open .1.1..              
     guess   2:   closed 11....               open ...11.              

  === FCI iteration ===

      0  0      -152.61436118     1.06e-02      0.00
      0  1      -152.55474848     1.34e-02      0.00
      0  2      -152.43184643     1.27e-02      0.00

      1  0      -152.66083419     6.94e-03      0.00
      1  1      -152.63642272     3.52e-03      0.00
      1  2      -152.56034144     7.58e-03      0.00

      2  0      -152.67199784     1.44e-03      0.00
      2  1      -152.63989376     1.15e-03      0.00
      2  2      -152.57320442     2.63e-03      0.00

      3  0      -152.67242903     2.78e-04      0.00
      3  1      -152.64032904     3.44e-04      0.00
      3  2      -152.57517443     7.11e-04      0.00

      4  0      -152.67245027     6.39e-05      0.00
      4  1      -152.64036354     6.88e-05      0.00
      4  2      -152.57534606     1.84e-04      0.00

      5  0      -152.67245141     7.64e-06      0.00
      5  1      -152.64036484     1.15e-05      0.00
      5  2      -152.57535506     2.29e-05      0.00

      6  0      -152.67245143     9.63e-07      0.00
      6  1      -152.64036487     1.46e-06      0.00
      6  2      -152.57535521     4.05e-06      0.00

      7  0      -152.67245143     2.05e-07      0.00
      7  1      -152.64036487     2.05e-07      0.00
      7  2      -152.57535521     7.74e-07      0.00

      8  0      -152.67245143     3.43e-08      0.00
      8  1      -152.64036487     3.16e-08      0.00
      8  2      -152.57535521     1.82e-07      0.00

      9  0      -152.67245143     6.47e-09      0.00
      9  1      -152.64036487     4.85e-09      0.00
      9  2      -152.57535521     2.75e-08      0.00

     10  0      -152.67245143     1.19e-09      0.00
     10  1      -152.64036487     6.40e-10      0.00
     10  2      -152.57535521     5.30e-09      0.00

     11  0      -152.67245143     1.38e-10      0.00
     11  1 *    -152.64036487     7.03e-11      0.00
     11  2      -152.57535521     8.74e-10      0.00

     12  0 *    -152.67245143     1.40e-11      0.00
     12  1 *    -152.64036487     6.27e-11      0.00
     12  2      -152.57535521     1.21e-10      0.00

     13  0 *    -152.67245143     1.28e-11      0.00
     13  1 *    -152.64036487     6.26e-11      0.00
     13  2 *    -152.57535521     2.45e-11      0.00

     * ci vector, state   0, <S^2> = -0.0000
       22ba..    -0.5577796428
       22ab..    -0.5577796428
       2b2a..     0.2304337331
       2a2b..     0.2304337331
       2baab.     0.1750751670
       2abba.     0.1750751670
       2a.b2.     0.1587448530
       2b.a2.     0.1587448530
       22.ba.    -0.1456877838
       22.ab.    -0.1456877838
       2.ab2.     0.1422326762
       2.ba2.     0.1422326762
       2.2ab.     0.1368016409
       2.2ba.     0.1368016409
       2baba.     0.0972946141
       2abab.     0.0972946141
       2aabb.    -0.0777805529
       2bbaa.    -0.0777805529

     * ci vector, state   1, <S^2> = -0.0000
       2b2a..    -0.4662067661
       2a2b..    -0.4662067661
       22.ab.     0.3470556251
       22.ba.     0.3470556251
       22ab..    -0.3398563029
       22ba..    -0.3398563029
       2b.a2.    -0.1470754364
       2a.b2.    -0.1470754364
       2.2ab.    -0.1340316410
       2.2ba.    -0.1340316410

     * ci vector, state   2, <S^2> = 0.0000
       22.ab.    -0.3866031730
       22.ba.    -0.3866031730
       2abab.     0.3236676698
       2baba.     0.3236676698
       2aabb.     0.3175457969
       2bbaa.     0.3175457969
       2b2a..    -0.2929534455
       2a2b..    -0.2929534455
       2.2ab.     0.1994625116
       2.2ba.     0.1994625116
       2a.b2.    -0.1175339830
       2b.a2.    -0.1175339830
       - FCI and RDMs                              0.00
    * Integral transformation done. Elapsed time: 0.01

     guess   0:   closed 11....               open ..11..              
     guess   1:   closed 1.1...               open .1.1..              
     guess   2:   closed 11....               open ...11.              

  === FCI iteration ===

      0  0      -152.61435847     1.06e-02      0.00
      0  1      -152.55464723     1.35e-02      0.00
      0  2      -152.43176679     1.27e-02      0.00

      1  0      -152.66091978     6.96e-03      0.00
      1  1      -152.63636161     3.53e-03      0.00
      1  2      -152.56038151     7.63e-03      0.00

      2  0      -152.67204862     1.44e-03      0.00
      2  1      -152.63983192     1.16e-03      0.00
      2  2      -152.57329117     2.62e-03      0.00

      3  0      -152.67247827     2.78e-04      0.00
      3  1      -152.64027279     3.45e-04      0.00
      3  2      -152.57523584     7.03e-04      0.00

      4  0      -152.67249946     6.36e-05      0.00
      4  1      -152.64030726     6.82e-05      0.00
      4  2      -152.57540210     1.80e-04      0.00

      5  0      -152.67250060     7.51e-06      0.00
      5  1      -152.64030852     1.15e-05      0.00
      5  2      -152.57541081     2.23e-05      0.00

      6  0      -152.67250062     9.45e-07      0.00
      6  1      -152.64030856     1.50e-06      0.00
      6  2      -152.57541095     4.08e-06      0.00

      7  0      -152.67250062     2.02e-07      0.00
      7  1      -152.64030856     1.99e-07      0.00
      7  2      -152.57541096     7.43e-07      0.00

      8  0      -152.67250062     3.43e-08      0.00
      8  1      -152.64030856     3.19e-08      0.00
      8  2      -152.57541096     1.77e-07      0.00

      9  0      -152.67250062     6.45e-09      0.00
      9  1      -152.64030856     4.83e-09      0.00
      9  2      -152.57541096     2.62e-08      0.00

     10  0      -152.67250062     1.21e-09      0.00
     10  1      -152.64030856     6.53e-10      0.00
     10  2      -152.57541096     4.81e-09      0.00

     11  0      -152.67250062     1.35e-10      0.00
     11  1 *    -152.64030856     7.59e-11      0.00
     11  2      -152.57541096     7.87e-10      0.00

     12  0 *    -152.67250062     1.38e-11      0.00
     12  1 *    -152.64030856     6.48e-11      0.00
     12  2      -152.57541096     1.14e-10      0.00

     13  0 *    -152.67250062     1.29e-11      0.00
     13  1 *    -152.64030856     6.46e-11      0.00
     13  2 *    -152.57541096     2.25e-11      0.00

     * ci vector, state   0, <S^2> = -0.0000
       22ab..    -0.5565961978
       22ba..    -0.5565961978
       2a2b..     0.2318313747
       2b2a..     0.2318313747
       2abba.     0.1753417852
       2baab.     0.1753417852
       2a.b2.     0.1590499936
       2b.a2.     0.1590499936
       22.ab.    -0.1468453691
       22.ba.    -0.1468453691
       2.ab2.     0.1422714899
       2.ba2.     0.1422714899
       2.2ba.     0.1372214761
       2.2ab.     0.1372214761
       2baba.     0.0972181197
       2abab.     0.0972181197
       2aabb.    -0.0781236655
       2bbaa.    -0.0781236655

     * ci vector, state   1, <S^2> = -0.0000
       2b2a..    -0.4651366756
       2a2b..    -0.4651366756
       22.ab.     0.3469539280
       22.ba.     0.3469539280
       22ab..    -0.3416970018
       22ba..    -0.3416970018
       2b.a2.    -0.1466410968
       2a.b2.    -0.1466410968
       2.2ab.    -0.1338313636
       2.2ba.    -0.1338313636

     * ci vector, state   2, <S^2> = 0.0000
       22.ab.     0.3860303268
       22.ba.     0.3860303268
       2abab.    -0.3241028075
       2baba.    -0.3241028075
       2aabb.    -0.3177149147
       2bbaa.    -0.3177149147
       2a2b..     0.2930147479
       2b2a..     0.2930147479
       2.2ab.    -0.1994379433
       2.2ba.    -0.1994379433
       2a.b2.     0.1178157095
       2b.a2.     0.1178157095
       - FCI and RDMs                              0.00
    * Integral transformation done. Elapsed time: 0.01

     guess   0:   closed 11....               open ..11..              
     guess   1:   closed 1.1...               open .1.1..              
     guess   2:   closed 11....               open ...11.              

  === FCI iteration ===

      0  0      -152.61435575     1.06e-02      0.00
      0  1      -152.55455626     1.35e-02      0.00
      0  2      -152.43169839     1.27e-02      0.00

      1  0      -152.66099654     6.98e-03      0.00
      1  1      -152.63630483     3.54e-03      0.00
      1  2      -152.56040931     7.67e-03      0.00

      2  0      -152.67209467     1.44e-03      0.00
      2  1      -152.63977531     1.16e-03      0.00
      2  2      -152.57336571     2.62e-03      0.00

      3  0      -152.67252277     2.78e-04      0.00
      3  1      -152.64022131     3.45e-04      0.00
      3  2      -152.57528783     6.95e-04      0.00

      4  0      -152.67254388     6.33e-05      0.00
      4  1      -152.64025571     6.76e-05      0.00
      4  2      -152.57544914     1.77e-04      0.00

      5  0      -152.67254502     7.39e-06      0.00
      5  1      -152.64025694     1.15e-05      0.00
      5  2      -152.57545758     2.19e-05      0.00

      6  0      -152.67254503     9.26e-07      0.00
      6  1      -152.64025698     1.54e-06      0.00
      6  2      -152.57545771     4.10e-06      0.00

      7  0      -152.67254503     1.99e-07      0.00
      7  1      -152.64025698     1.94e-07      0.00
      7  2      -152.57545772     7.18e-07      0.00

      8  0      -152.67254503     3.44e-08      0.00
      8  1      -152.64025698     3.23e-08      0.00
      8  2      -152.57545772     1.72e-07      0.00

      9  0      -152.67254503     6.48e-09      0.00
      9  1      -152.64025698     4.87e-09      0.00
      9  2      -152.57545772     2.53e-08      0.00

     10  0      -152.67254503     1.20e-09      0.00
     10  1      -152.64025698     6.72e-10      0.00
     10  2      -152.57545772     4.53e-09      0.00

     11  0      -152.67254503     1.30e-10      0.00
     11  1 *    -152.64025698     7.90e-11      0.00
     11  2      -152.57545772     7.45e-10      0.00

     12  0 *    -152.67254503     1.36e-11      0.00
     12  1 *    -152.64025698     6.33e-11      0.00
     12  2      -152.57545772     1.09e-10      0.00

     13  0 *    -152.67254503     1.30e-11      0.00
     13  1 *    -152.64025698     6.32e-11      0.00
     13  2 *    -152.57545772     2.12e-11      0.00

     * ci vector, state   0, <S^2> = -0.0000
       22ba..    -0.5555579798
       22ab..    -0.5555579798
       2a2b..     0.2330098854
       2b2a..     0.2330098854
       2baab.    -0.1755777008
       2abba.    -0.1755777008
       2a.b2.     0.1593017633
       2b.a2.     0.1593017633
       22.ba.     0.1479026592
       22.ab.     0.1479026592
       2.ba2.     0.1423091805
       2.ab2.     0.1423091805
       2.2ba.    -0.1376033387
       2.2ab.    -0.1376033387
       2abab.    -0.0971593228
       2baba.    -0.0971593228
       2bbaa.     0.0784183780
       2aabb.     0.0784183780

     * ci vector, state   1, <S^2> = -0.0000
       2a2b..     0.4641901910
       2b2a..     0.4641901910
       22.ba.     0.3468733832
       22.ab.     0.3468733832
       22ab..     0.3432933492
       22ba..     0.3432933492
       2a.b2.     0.1462775374
       2b.a2.     0.1462775374
       2.2ba.    -0.1336549525
       2.2ab.    -0.1336549525

     * ci vector, state   2, <S^2> = -0.0000
       22.ba.     0.3855235690
       22.ab.     0.3855235690
       2abab.    -0.3244702835
       2baba.    -0.3244702835
       2aabb.    -0.3178748739
       2bbaa.    -0.3178748739
       2b2a..    -0.2930788816
       2a2b..    -0.2930788816
       2.2ba.    -0.1994082899
       2.2ab.    -0.1994082899
       2b.a2.    -0.1180746522
       2a.b2.    -0.1180746522
       - FCI and RDMs                              0.00
    * Integral transformation done. Elapsed time: 0.01

     guess   0:   closed 11....               open ..11..              
     guess   1:   closed 1.1...               open .1.1..              
     guess   2:   closed 11....               open ...11.              

  === FCI iteration ===

      0  0      -152.61435306     1.06e-02      0.00
      0  1      -152.55447483     1.35e-02      0.00
      0  2      -152.43163979     1.28e-02      0.00

      1  0      -152.66106536     6.99e-03      0.00
      1  1      -152.63625226     3.55e-03      0.00
      1  2      -152.56042810     7.71e-03      0.00

      2  0      -152.67213628     1.44e-03      0.00
      2  1      -152.63972358     1.17e-03      0.00
      2  2      -152.57343025     2.61e-03      0.00

      3  0      -152.67256286     2.77e-04      0.00
      3  1      -152.64017426     3.46e-04      0.00
      3  2      -152.57533231     6.87e-04      0.00

      4  0      -152.67258387     6.29e-05      0.00
      4  1      -152.64020856     6.70e-05      0.00
      4  2      -152.57548906     1.74e-04      0.00

      5  0      -152.67258500     7.27e-06      0.00
      5  1      -152.64020977     1.14e-05      0.00
      5  2      -152.57549725     2.16e-05      0.00

      6  0      -152.67258501     9.07e-07      0.00
      6  1      -152.64020980     1.56e-06      0.00
      6  2      -152.57549738     4.11e-06      0.00

      7  0      -152.67258501     1.96e-07      0.00
      7  1      -152.64020980     1.91e-07      0.00
      7  2      -152.57549738     6.97e-07      0.00

      8  0      -152.67258501     3.46e-08      0.00
      8  1      -152.64020980     3.26e-08      0.00
      8  2      -152.57549739     1.69e-07      0.00

      9  0      -152.67258501     6.54e-09      0.00
      9  1      -152.64020980     4.91e-09      0.00
      9  2      -152.57549739     2.48e-08      0.00

     10  0      -152.67258501     1.17e-09      0.00
     10  1      -152.64020980     6.81e-10      0.00
     10  2      -152.57549739     4.42e-09      0.00

     11  0      -152.67258501     1.24e-10      0.00
     11  1 *    -152.64020980     7.98e-11      0.00
     11  2      -152.57549739     7.32e-10      0.00

     12  0 *    -152.67258501     1.33e-11      0.00
     12  1 *    -152.64020980     5.99e-11      0.00
     12  2      -152.57549739     1.05e-10      0.00

     13  0 *    -152.67258501     1.29e-11      0.00
     13  1 *    -152.64020980     5.99e-11      0.00
     13  2 *    -152.57549739     2.05e-11      0.00

     * ci vector, state   0, <S^2> = 0.0000
       22ba..    -0.5546448414
       22ab..    -0.5546448414
       2a2b..     0.2340094674
       2b2a..     0.2340094674
       2baab.    -0.1757862522
       2abba.    -0.1757862522
       2a.b2.     0.1595112457
       2b.a2.     0.1595112457
       22.ab.     0.1488654379
       22.ba.     0.1488654379
       2.ba2.     0.1423453266
       2.ab2.     0.1423453266
       2.2ab.    -0.1379498781
       2.2ba.    -0.1379498781
       2abab.    -0.0971137949
       2baba.    -0.0971137949
       2aabb.     0.0786724573
       2bbaa.     0.0786724573

     * ci vector, state   1, <S^2> = 0.0000
       2b2a..    -0.4633512839
       2a2b..    -0.4633512839
       22.ba.    -0.3468098491
       22.ab.    -0.3468098491
       22ba..    -0.3446832090
       22ab..    -0.3446832090
       2b.a2.    -0.1459713193
       2a.b2.    -0.1459713193
       2.2ab.     0.1334989423
       2.2ba.     0.1334989423

     * ci vector, state   2, <S^2> = -0.0000
       22.ab.    -0.3850747583
       22.ba.    -0.3850747583
       2baba.     0.3247821758
       2abab.     0.3247821758
       2bbaa.     0.3180242112
       2aabb.     0.3180242112
       2a2b..     0.2931438032
       2b2a..     0.2931438032
       2.2ab.     0.1993750367
       2.2ba.     0.1993750367
       2a.b2.     0.1183124883
       2b.a2.     0.1183124883
       - FCI and RDMs                              0.01
    * Integral transformation done. Elapsed time: 0.01

     guess   0:   closed 11....               open ..11..              
     guess   1:   closed 1.1...               open .1.1..              
     guess   2:   closed 11....               open ...11.              

  === FCI iteration ===

      0  0      -152.61435040     1.06e-02      0.00
      0  1      -152.55440201     1.36e-02      0.00
      0  2      -152.43158956     1.28e-02      0.00

      1  0      -152.66112713     7.00e-03      0.00
      1  1      -152.63620371     3.55e-03      0.00
      1  2      -152.56044023     7.74e-03      0.00

      2  0      -152.67217382     1.44e-03      0.00
      2  1      -152.63967632     1.18e-03      0.00
      2  2      -152.57348653     2.60e-03      0.00

      3  0      -152.67259892     2.77e-04      0.00
      3  1      -152.64013128     3.46e-04      0.00
      3  2      -152.57537070     6.80e-04      0.00

      4  0      -152.67261982     6.25e-05      0.00
      4  1      -152.64016546     6.65e-05      0.00
      4  2      -152.57552329     1.71e-04      0.00

      5  0      -152.67262093     7.16e-06      0.00
      5  1      -152.64016664     1.14e-05      0.00
      5  2      -152.57553125     2.13e-05      0.00

      6  0      -152.67262095     8.89e-07      0.00
      6  1      -152.64016668     1.57e-06      0.00
      6  2      -152.57553137     4.10e-06      0.00

      7  0      -152.67262095     1.94e-07      0.00
      7  1      -152.64016668     1.89e-07      0.00
      7  2      -152.57553137     6.80e-07      0.00

      8  0      -152.67262095     3.50e-08      0.00
      8  1      -152.64016668     3.29e-08      0.00
      8  2      -152.57553137     1.66e-07      0.00

      9  0      -152.67262095     6.62e-09      0.00
      9  1      -152.64016668     4.92e-09      0.00
      9  2      -152.57553137     2.45e-08      0.00

     10  0      -152.67262095     1.13e-09      0.00
     10  1      -152.64016668     6.78e-10      0.00
     10  2      -152.57553137     4.40e-09      0.00

     11  0      -152.67262095     1.19e-10      0.00
     11  1 *    -152.64016668     7.92e-11      0.00
     11  2      -152.57553137     7.29e-10      0.00

     12  0 *    -152.67262095     1.32e-11      0.00
     12  1 *    -152.64016668     5.61e-11      0.00
     12  2      -152.57553137     1.03e-10      0.00

     13  0 *    -152.67262095     1.28e-11      0.00
     13  1 *    -152.64016668     5.60e-11      0.00
     13  2 *    -152.57553137     2.00e-11      0.00

     * ci vector, state   0, <S^2> = 0.0000
       22ba..     0.5538393730
       22ab..     0.5538393730
       2b2a..    -0.2348620575
       2a2b..    -0.2348620575
       2baab.     0.1759707720
       2abba.     0.1759707720
       2b.a2.    -0.1596868436
       2a.b2.    -0.1596868436
       22.ab.    -0.1497409575
       22.ba.    -0.1497409575
       2.ba2.    -0.1423796687
       2.ab2.    -0.1423796687
       2.2ab.     0.1382641272
       2.2ba.     0.1382641272
       2abab.     0.0970783003
       2baba.     0.0970783003
       2aabb.    -0.0788924717
       2bbaa.    -0.0788924717

     * ci vector, state   1, <S^2> = 0.0000
       2b2a..     0.4626057904
       2a2b..     0.4626057904
       22.ab.     0.3467601215
       22.ba.     0.3467601215
       22ab..     0.3458981883
       22ba..     0.3458981883
       2b.a2.     0.1457118410
       2a.b2.     0.1457118410
       2.2ab.    -0.1333604665
       2.2ba.    -0.1333604665

     * ci vector, state   2, <S^2> = -0.0000
       22.ba.     0.3846763524
       22.ab.     0.3846763524
       2baba.    -0.3250483909
       2abab.    -0.3250483909
       2bbaa.    -0.3181625436
       2aabb.    -0.3181625436
       2b2a..    -0.2932081167
       2a2b..    -0.2932081167
       2.2ba.    -0.1993393624
       2.2ab.    -0.1993393624
       2b.a2.    -0.1185310222
       2a.b2.    -0.1185310222
       - FCI and RDMs                              0.00
    * Integral transformation done. Elapsed time: 0.01

     guess   0:   closed 11....               open ..11..              
     guess   1:   closed 1.1...               open .1.1..              
     guess   2:   closed 11....               open ...11.              

  === FCI iteration ===

      0  0      -152.61434782     1.06e-02      0.00
      0  1      -152.55433687     1.36e-02      0.00
      0  2      -152.43154644     1.28e-02      0.00

      1  0      -152.66118266     7.01e-03      0.00
      1  1      -152.63615896     3.56e-03      0.00
      1  2      -152.56044744     7.77e-03      0.00

      2  0      -152.67220770     1.44e-03      0.00
      2  1      -152.63963315     1.18e-03      0.00
      2  2      -152.57353591     2.60e-03      0.00

      3  0      -152.67263136     2.76e-04      0.00
      3  1      -152.64009200     3.46e-04      0.00
      3  2      -152.57540410     6.73e-04      0.00

      4  0      -152.67265213     6.21e-05      0.00
      4  1      -152.64012606     6.60e-05      0.00
      4  2      -152.57555287     1.68e-04      0.00

      5  0      -152.67265323     7.06e-06      0.00
      5  1      -152.64012721     1.14e-05      0.00
      5  2      -152.57556062     2.12e-05      0.00

      6  0      -152.67265324     8.73e-07      0.00
      6  1      -152.64012725     1.58e-06      0.00
      6  2      -152.57556074     4.08e-06      0.00

      7  0      -152.67265324     1.91e-07      0.00
      7  1      -152.64012725     1.87e-07      0.00
      7  2      -152.57556075     6.66e-07      0.00

      8  0      -152.67265324     3.54e-08      0.00
      8  1      -152.64012725     3.29e-08      0.00
      8  2      -152.57556075     1.63e-07      0.00

      9  0      -152.67265324     6.69e-09      0.00
      9  1      -152.64012725     4.88e-09      0.00
      9  2      -152.57556075     2.44e-08      0.00

     10  0      -152.67265324     1.10e-09      0.00
     10  1      -152.64012725     6.65e-10      0.00
     10  2      -152.57556075     4.39e-09      0.00

     11  0      -152.67265324     1.16e-10      0.00
     11  1 *    -152.64012725     7.78e-11      0.00
     11  2      -152.57556075     7.28e-10      0.00

     12  0 *    -152.67265324     1.32e-11      0.00
     12  1 *    -152.64012725     5.23e-11      0.00
     12  2      -152.57556075     1.02e-10      0.00

     13  0 *    -152.67265324     1.28e-11      0.00
     13  1 *    -152.64012725     5.22e-11      0.00
     13  2 *    -152.57556075     1.96e-11      0.00

     * ci vector, state   0, <S^2> = 0.0000
       22ba..    -0.5531267089
       22ab..    -0.5531267089
       2b2a..     0.2355930822
       2a2b..     0.2355930822
       2baab.    -0.1761343564
       2abba.    -0.1761343564
       2b.a2.     0.1598349903
       2a.b2.     0.1598349903
       22.ba.     0.1505369144
       22.ab.     0.1505369144
       2.ba2.     0.1424120676
       2.ab2.     0.1424120676
       2.2ab.    -0.1385491661
       2.2ba.    -0.1385491661
       2abab.    -0.0970504775
       2baba.    -0.0970504775
       2bbaa.     0.0790838788
       2aabb.     0.0790838788

     * ci vector, state   1, <S^2> = -0.0000
       2a2b..    -0.4619414522
       2b2a..    -0.4619414522
       22ba..    -0.3469645400
       22ab..    -0.3469645400
       22.ba.    -0.3467216447
       22.ab.    -0.3467216447
       2a.b2.    -0.1454907329
       2b.a2.    -0.1454907329
       2.2ba.     0.1332371185
       2.2ab.     0.1332371185

     * ci vector, state   2, <S^2> = -0.0000
       22.ab.     0.3843216729
       22.ba.     0.3843216729
       2baba.    -0.3252769462
       2abab.    -0.3252769462
       2bbaa.    -0.3182901129
       2aabb.    -0.3182901129
       2a2b..    -0.2932708605
       2b2a..    -0.2932708605
       2.2ab.    -0.1993022157
       2.2ba.    -0.1993022157
       2a.b2.    -0.1187319915
       2b.a2.    -0.1187319915
       - FCI and RDMs                              0.00
    * Integral transformation done. Elapsed time: 0.01

     guess   0:   closed 11....               open ..11..              
     guess   1:   closed 1.1...               open .1.1..              
     guess   2:   closed 11....               open ...11.              

  === FCI iteration ===

      0  0      -152.61434532     1.06e-02      0.00
      0  1      -152.55427850     1.36e-02      0.00
      0  2      -152.43150931     1.28e-02      0.00

      1  0      -152.66123265     7.02e-03      0.00
      1  1      -152.63611774     3.57e-03      0.00
      1  2      -152.56045100     7.80e-03      0.00

      2  0      -152.67223828     1.43e-03      0.00
      2  1      -152.63959370     1.19e-03      0.00
      2  2      -152.57357948     2.59e-03      0.00

      3  0      -152.67266055     2.75e-04      0.00
      3  1      -152.64005610     3.46e-04      0.00
      3  2      -152.57543335     6.67e-04      0.00

      4  0      -152.67268119     6.17e-05      0.00
      4  1      -152.64009002     6.56e-05      0.00
      4  2      -152.57557863     1.66e-04      0.00

      5  0      -152.67268228     6.96e-06      0.00
      5  1      -152.64009116     1.14e-05      0.00
      5  2      -152.57558620     2.10e-05      0.00

      6  0      -152.67268229     8.57e-07      0.00
      6  1      -152.64009119     1.59e-06      0.00
      6  2      -152.57558631     4.05e-06      0.00

      7  0      -152.67268229     1.89e-07      0.00
      7  1      -152.64009119     1.86e-07      0.00
      7  2      -152.57558632     6.55e-07      0.00

      8  0      -152.67268229     3.59e-08      0.00
      8  1      -152.64009119     3.29e-08      0.00
      8  2      -152.57558632     1.60e-07      0.00

      9  0      -152.67268229     6.74e-09      0.00
      9  1      -152.64009119     4.80e-09      0.00
      9  2      -152.57558632     2.43e-08      0.00

     10  0      -152.67268229     1.06e-09      0.00
     10  1      -152.64009119     6.44e-10      0.00
     10  2      -152.57558632     4.37e-09      0.00

     11  0      -152.67268229     1.13e-10      0.00
     11  1 *    -152.64009119     7.59e-11      0.00
     11  2      -152.57558632     7.26e-10      0.00

     12  0 *    -152.67268229     1.34e-11      0.00
     12  1 *    -152.64009119     4.88e-11      0.00
     12  2      -152.57558632     1.01e-10      0.00

     13  0 *    -152.67268229     1.29e-11      0.00
     13  1 *    -152.64009119     4.87e-11      0.00
     13  2 *    -152.57558632     1.92e-11      0.00

     * ci vector, state   0, <S^2> = -0.0000
       22ba..    -0.5524942220
       22ab..    -0.5524942220
       2b2a..     0.2362229001
       2a2b..     0.2362229001
       2baab.    -0.1762797693
       2abba.    -0.1762797693
       2b.a2.     0.1599606745
       2a.b2.     0.1599606745
       22.ba.     0.1512608645
       22.ab.     0.1512608645
       2.ba2.     0.1424424717
       2.ab2.     0.1424424717
       2.2ab.    -0.1388079382
       2.2ba.    -0.1388079382
       2abab.    -0.0970285904
       2baba.    -0.0970285904
       2bbaa.     0.0792511789
       2aabb.     0.0792511789

     * ci vector, state   1, <S^2> = 0.0000
       2a2b..    -0.4613477571
       2b2a..    -0.4613477571
       22ba..    -0.3479040618
       22ab..    -0.3479040618
       22.ba.    -0.3466923471
       22.ab.    -0.3466923471
       2a.b2.    -0.1453013515
       2b.a2.    -0.1453013515
       2.2ba.     0.1331268657
       2.2ab.     0.1331268657

     * ci vector, state   2, <S^2> = 0.0000
       22.ba.     0.3840049383
       22.ab.     0.3840049383
       2baba.    -0.3254743001
       2abab.    -0.3254743001
       2bbaa.    -0.3184074901
       2aabb.    -0.3184074901
       2b2a..    -0.2933313853
       2a2b..    -0.2933313853
       2.2ba.    -0.1992643557
       2.2ab.    -0.1992643557
       2b.a2.    -0.1189169987
       2a.b2.    -0.1189169987
       - FCI and RDMs                              0.00
    * Integral transformation done. Elapsed time: 0.01

     guess   0:   closed 11....               open ..11..              
     guess   1:   closed 1.1...               open .1.1..              
     guess   2:   closed 11....               open ...11.              

  === FCI iteration ===

      0  0      -152.61434294     1.06e-02      0.00
      0  1      -152.55422609     1.36e-02      0.00
      0  2      -152.43147721     1.28e-02      0.00

      1  0      -152.66127776     7.03e-03      0.00
      1  1      -152.63607979     3.57e-03      0.00
      1  2      -152.56045186     7.82e-03      0.00

      2  0      -152.67226591     1.43e-03      0.00
      2  1      -152.63955763     1.19e-03      0.00
      2  2      -152.57361812     2.59e-03      0.00

      3  0      -152.67268685     2.75e-04      0.00
      3  1      -152.64002327     3.46e-04      0.00
      3  2      -152.57545913     6.61e-04      0.00

      4  0      -152.67270736     6.13e-05      0.00
      4  1      -152.64005705     6.51e-05      0.00
      4  2      -152.57560121     1.64e-04      0.00

      5  0      -152.67270844     6.88e-06      0.00
      5  1      -152.64005816     1.14e-05      0.00
      5  2      -152.57560860     2.09e-05      0.00

      6  0      -152.67270845     8.43e-07      0.00
      6  1      -152.64005820     1.60e-06      0.00
      6  2      -152.57560872     4.02e-06      0.00

      7  0      -152.67270845     1.87e-07      0.00
      7  1      -152.64005820     1.85e-07      0.00
      7  2      -152.57560872     6.45e-07      0.00

      8  0      -152.67270845     3.64e-08      0.00
      8  1      -152.64005820     3.27e-08      0.00
      8  2      -152.57560872     1.58e-07      0.00

      9  0      -152.67270845     6.76e-09      0.00
      9  1      -152.64005820     4.69e-09      0.00
      9  2      -152.57560872     2.43e-08      0.00

     10  0      -152.67270845     1.02e-09      0.00
     10  1      -152.64005820     6.20e-10      0.00
     10  2      -152.57560872     4.34e-09      0.00

     11  0      -152.67270845     1.11e-10      0.00
     11  1 *    -152.64005820     7.35e-11      0.00
     11  2      -152.57560872     7.23e-10      0.00

     12  0 *    -152.67270845     1.37e-11      0.00
     12  1 *    -152.64005820     4.55e-11      0.00
     12  2      -152.57560872     1.01e-10      0.00

     13  0 *    -152.67270845     1.30e-11      0.00
     13  1 *    -152.64005820     4.55e-11      0.00
     13  2 *    -152.57560872     1.88e-11      0.00

     * ci vector, state   0, <S^2> = 0.0000
       22ba..     0.5519312030
       22ab..     0.5519312030
       2b2a..    -0.2367679303
       2a2b..    -0.2367679303
       2abba.     0.1764094219
       2baab.     0.1764094219
       2b.a2.    -0.1600678165
       2a.b2.    -0.1600678165
       22.ab.    -0.1519199161
       22.ba.    -0.1519199161
       2.ba2.    -0.1424708909
       2.ab2.    -0.1424708909
       2.2ab.     0.1390431609
       2.2ba.     0.1390431609
       2abab.     0.0970113464
       2baba.     0.0970113464
       2bbaa.    -0.0793980754
       2aabb.    -0.0793980754

     * ci vector, state   1, <S^2> = -0.0000
       2a2b..    -0.4608157191
       2b2a..    -0.4608157191
       22ba..    -0.3487348898
       22ab..    -0.3487348898
       22.ba.    -0.3466705363
       22.ab.    -0.3466705363
       2a.b2.    -0.1451383833
       2b.a2.    -0.1451383833
       2.2ba.     0.1330279879
       2.2ab.     0.1330279879

     * ci vector, state   2, <S^2> = -0.0000
       22.ab.    -0.3837211971
       22.ba.    -0.3837211971
       2abab.     0.3256456564
       2baba.     0.3256456564
       2aabb.     0.3185153952
       2bbaa.     0.3185153952
       2a2b..     0.2933892746
       2b2a..     0.2933892746
       2.2ab.     0.1992263807
       2.2ba.     0.1992263807
       2a.b2.     0.1190874952
       2b.a2.     0.1190874952
       - FCI and RDMs                              0.00
    * Integral transformation done. Elapsed time: 0.01

     guess   0:   closed 11....               open ..11..              
     guess   1:   closed 1.1...               open .1.1..              
     guess   2:   closed 11....               open ...11.              

  === FCI iteration ===

      0  0      -152.61434067     1.06e-02      0.00
      0  1      -152.55417891     1.37e-02      0.00
      0  2      -152.43144935     1.29e-02      0.00

      1  0      -152.66131855     7.04e-03      0.00
      1  1      -152.63604486     3.58e-03      0.00
      1  2      -152.56045072     7.85e-03      0.00

      2  0      -152.67229092     1.43e-03      0.00
      2  1      -152.63952462     1.20e-03      0.00
      2  2      -152.57365254     2.58e-03      0.00

      3  0      -152.67271058     2.74e-04      0.00
      3  1      -152.63999321     3.46e-04      0.00
      3  2      -152.57548196     6.56e-04      0.00

      4  0      -152.67273095     6.09e-05      0.00
      4  1      -152.64002685     6.47e-05      0.00
      4  2      -152.57562111     1.62e-04      0.00

      5  0      -152.67273202     6.80e-06      0.00
      5  1      -152.64002795     1.14e-05      0.00
      5  2      -152.57562834     2.08e-05      0.00

      6  0      -152.67273204     8.30e-07      0.00
      6  1      -152.64002798     1.61e-06      0.00
      6  2      -152.57562846     3.99e-06      0.00

      7  0      -152.67273204     1.85e-07      0.00
      7  1      -152.64002798     1.84e-07      0.00
      7  2      -152.57562846     6.37e-07      0.00

      8  0      -152.67273204     3.69e-08      0.00
      8  1      -152.64002798     3.24e-08      0.00
      8  2      -152.57562846     1.56e-07      0.00

      9  0      -152.67273204     6.74e-09      0.00
      9  1      -152.64002798     4.56e-09      0.00
      9  2      -152.57562846     2.42e-08      0.00

     10  0      -152.67273204     9.83e-10      0.00
     10  1      -152.64002798     5.94e-10      0.00
     10  2      -152.57562846     4.31e-09      0.00

     11  0      -152.67273204     1.09e-10      0.00
     11  1 *    -152.64002798     7.10e-11      0.00
     11  2      -152.57562846     7.19e-10      0.00

     12  0 *    -152.67273204     1.40e-11      0.00
     12  1 *    -152.64002798     4.26e-11      0.00
     12  2      -152.57562846     1.01e-10      0.00

     13  0 *    -152.67273204     1.31e-11      0.00
     13  1 *    -152.64002798     4.26e-11      0.00
     13  2 *    -152.57562846     1.84e-11      0.00

     * ci vector, state   0, <S^2> = 0.0000
       22ab..     0.5514285631
       22ba..     0.5514285631
       2b2a..    -0.2372415143
       2a2b..    -0.2372415143
       2abba.    -0.1765253896
       2baab.    -0.1765253896
       2b.a2.    -0.1601595360
       2a.b2.    -0.1601595360
       22.ab.     0.1525205924
       22.ba.     0.1525205924
       2.ab2.    -0.1424973770
       2.ba2.    -0.1424973770
       2.2ab.    -0.1392572934
       2.2ba.    -0.1392572934
       2baba.    -0.0969977697
       2abab.    -0.0969977697
       2aabb.     0.0795276199
       2bbaa.     0.0795276199

     * ci vector, state   1, <S^2> = 0.0000
       2b2a..    -0.4603376564
       2a2b..    -0.4603376564
       22ab..    -0.3494721640
       22ba..    -0.3494721640
       22.ab.     0.3466548254
       22.ba.     0.3466548254
       2b.a2.    -0.1449975435
       2a.b2.    -0.1449975435
       2.2ab.    -0.1329390275
       2.2ba.    -0.1329390275

     * ci vector, state   2, <S^2> = 0.0000
       22.ab.     0.3834662280
       22.ba.     0.3834662280
       2abab.    -0.3257952217
       2baba.    -0.3257952217
       2bbaa.    -0.3186145923
       2aabb.    -0.3186145923
       2a2b..     0.2934442854
       2b2a..     0.2934442854
       2.2ab.    -0.1991887527
       2.2ba.    -0.1991887527
       2a.b2.     0.1192447869
       2b.a2.     0.1192447869
       - FCI and RDMs                              0.00
    * Integral transformation done. Elapsed time: 0.01

     guess   0:   closed 11....               open ..11..              
     guess   1:   closed 1.1...               open .1.1..              
     guess   2:   closed 11....               open ...11.              

  === FCI iteration ===

      0  0      -152.61433852     1.06e-02      0.00
      0  1      -152.55413634     1.37e-02      0.00
      0  2      -152.43142507     1.29e-02      0.00

      1  0      -152.66135550     7.05e-03      0.00
      1  1      -152.63601271     3.58e-03      0.00
      1  2      -152.56044812     7.87e-03      0.00

      2  0      -152.67231358     1.43e-03      0.00
      2  1      -152.63949439     1.20e-03      0.00
      2  2      -152.57368334     2.58e-03      0.00

      3  0      -152.67273202     2.73e-04      0.00
      3  1      -152.63996567     3.45e-04      0.00
      3  2      -152.57550226     6.50e-04      0.00

      4  0      -152.67275227     6.05e-05      0.00
      4  1      -152.63999917     6.43e-05      0.00
      4  2      -152.57563873     1.60e-04      0.00

      5  0      -152.67275333     6.73e-06      0.00
      5  1      -152.64000025     1.14e-05      0.00
      5  2      -152.57564582     2.08e-05      0.00

      6  0      -152.67275334     8.18e-07      0.00
      6  1      -152.64000029     1.61e-06      0.00
      6  2      -152.57564594     3.96e-06      0.00

      7  0      -152.67275334     1.83e-07      0.00
      7  1      -152.64000029     1.84e-07      0.00
      7  2      -152.57564594     6.30e-07      0.00

      8  0      -152.67275334     3.73e-08      0.00
      8  1      -152.64000029     3.20e-08      0.00
      8  2      -152.57564594     1.54e-07      0.00

      9  0      -152.67275334     6.70e-09      0.00
      9  1      -152.64000029     4.41e-09      0.00
      9  2      -152.57564594     2.40e-08      0.00

     10  0      -152.67275334     9.50e-10      0.00
     10  1      -152.64000029     5.67e-10      0.00
     10  2      -152.57564594     4.26e-09      0.00

     11  0      -152.67275334     1.07e-10      0.00
     11  1 *    -152.64000029     6.83e-11      0.00
     11  2      -152.57564594     7.14e-10      0.00

     12  0 *    -152.67275334     1.42e-11      0.00
     12  1 *    -152.64000029     4.00e-11      0.00
     12  2      -152.57564594     1.01e-10      0.00

     13  0 *    -152.67275334     1.32e-11      0.00
     13  1 *    -152.64000029     4.00e-11      0.00
     13  2 *    -152.57564594     1.80e-11      0.00

     * ci vector, state   0, <S^2> = 0.0000
       22ab..     0.5509785743
       22ba..     0.5509785743
       2b2a..    -0.2376545724
       2a2b..    -0.2376545724
       2abba.    -0.1766294471
       2baab.    -0.1766294471
       2a.b2.    -0.1602383441
       2b.a2.    -0.1602383441
       22.ab.     0.1530687913
       22.ba.     0.1530687913
       2.ab2.    -0.1425220088
       2.ba2.    -0.1425220088
       2.2ba.    -0.1394525350
       2.2ab.    -0.1394525350
       2baba.    -0.0969871128
       2abab.    -0.0969871128
       2aabb.     0.0796423343
       2bbaa.     0.0796423343

     * ci vector, state   1, <S^2> = 0.0000
       2b2a..    -0.4599069917
       2a2b..    -0.4599069917
       22ab..    -0.3501285744
       22ba..    -0.3501285744
       22.ab.     0.3466440751
       22.ba.     0.3466440751
       2b.a2.    -0.1448753489
       2a.b2.    -0.1448753489
       2.2ab.    -0.1328587477
       2.2ba.    -0.1328587477

     * ci vector, state   2, <S^2> = 0.0000
       22.ba.     0.3832364345
       22.ab.     0.3832364345
       2baba.    -0.3259264121
       2abab.    -0.3259264121
       2aabb.    -0.3187058322
       2bbaa.    -0.3187058322
       2b2a..     0.2934963028
       2a2b..     0.2934963028
       2.2ba.    -0.1991518212
       2.2ab.    -0.1991518212
       2b.a2.     0.1193900467
       2a.b2.     0.1193900467
       - FCI and RDMs                              0.00
    * Integral transformation done. Elapsed time: 0.01

     guess   0:   closed 11....               open ..11..              
     guess   1:   closed 1.1...               open .1.1..              
     guess   2:   closed 11....               open ...11.              

  === FCI iteration ===

      0  0      -152.61433650     1.06e-02      0.00
      0  1      -152.55409783     1.37e-02      0.00
      0  2      -152.43140383     1.29e-02      0.00

      1  0      -152.66138904     7.06e-03      0.00
      1  1      -152.63598311     3.58e-03      0.00
      1  2      -152.56044445     7.89e-03      0.00

      2  0      -152.67233416     1.43e-03      0.00
      2  1      -152.63946668     1.21e-03      0.00
      2  2      -152.57371099     2.58e-03      0.00

      3  0      -152.67275143     2.72e-04      0.00
      3  1      -152.63994041     3.45e-04      0.00
      3  2      -152.57552040     6.46e-04      0.00

      4  0      -152.67277155     6.02e-05      0.00
      4  1      -152.63997378     6.39e-05      0.00
      4  2      -152.57565440     1.58e-04      0.00

      5  0      -152.67277260     6.66e-06      0.00
      5  1      -152.63997485     1.14e-05      0.00
      5  2      -152.57566137     2.07e-05      0.00

      6  0      -152.67277261     8.07e-07      0.00
      6  1      -152.63997488     1.61e-06      0.00
      6  2      -152.57566148     3.93e-06      0.00

      7  0      -152.67277261     1.82e-07      0.00
      7  1      -152.63997488     1.84e-07      0.00
      7  2      -152.57566148     6.25e-07      0.00

      8  0      -152.67277261     3.77e-08      0.00
      8  1      -152.63997488     3.16e-08      0.00
      8  2      -152.57566148     1.52e-07      0.00

      9  0      -152.67277261     6.64e-09      0.00
      9  1      -152.63997488     4.27e-09      0.00
      9  2      -152.57566148     2.38e-08      0.00

     10  0      -152.67277261     9.20e-10      0.00
     10  1      -152.63997488     5.41e-10      0.00
     10  2      -152.57566148     4.22e-09      0.00

     11  0      -152.67277261     1.05e-10      0.00
     11  1 *    -152.63997488     6.54e-11      0.00
     11  2      -152.57566148     7.10e-10      0.00

     12  0 *    -152.67277261     1.44e-11      0.00
     12  1 *    -152.63997488     3.77e-11      0.00
     12  2      -152.57566148     1.02e-10      0.00

     13  0 *    -152.67277261     1.31e-11      0.00
     13  1 *    -152.63997488     3.78e-11      0.00
     13  2 *    -152.57566148     1.77e-11      0.00

     * ci vector, state   0, <S^2> = 0.0000
       22ba..     0.5505746488
       22ab..     0.5505746488
       2b2a..     0.2380161046
       2a2b..     0.2380161046
       2baab.     0.1767231069
       2abba.     0.1767231069
       2b.a2.     0.1603062821
       2a.b2.     0.1603062821
       22.ab.     0.1535697980
       22.ba.     0.1535697980
       2.ba2.    -0.1425448814
       2.ab2.    -0.1425448814
       2.2ab.    -0.1396308390
       2.2ba.    -0.1396308390
       2abab.     0.0969787956
       2baba.     0.0969787956
       2bbaa.    -0.0797443113
       2aabb.    -0.0797443113

     * ci vector, state   1, <S^2> = 0.0000
       2a2b..    -0.4595180795
       2b2a..    -0.4595180795
       22ba..     0.3507148029
       22ab..     0.3507148029
       22.ba.    -0.3466373496
       22.ab.    -0.3466373496
       2a.b2.    -0.1447689464
       2b.a2.    -0.1447689464
       2.2ba.     0.1327860959
       2.2ab.     0.1327860959

     * ci vector, state   2, <S^2> = -0.0000
       22.ab.     0.3830287489
       22.ba.     0.3830287489
       2baba.     0.3260420172
       2abab.     0.3260420172
       2bbaa.     0.3187898231
       2aabb.     0.3187898231
       2b2a..    -0.2935453048
       2a2b..    -0.2935453048
       2.2ba.    -0.1991158436
       2.2ab.    -0.1991158436
       2b.a2.    -0.1195243278
       2a.b2.    -0.1195243278
       - FCI and RDMs                              0.00
    * Integral transformation done. Elapsed time: 0.01

     guess   0:   closed 11....               open ..11..              
     guess   1:   closed 1.1...               open .1.1..              
     guess   2:   closed 11....               open ...11.              

  === FCI iteration ===

      0  0      -152.61433461     1.06e-02      0.00
      0  1      -152.55406289     1.37e-02      0.00
      0  2      -152.43138516     1.29e-02      0.00

      1  0      -152.66141956     7.06e-03      0.00
      1  1      -152.63595585     3.59e-03      0.00
      1  2      -152.56044003     7.90e-03      0.00

      2  0      -152.67235286     1.43e-03      0.00
      2  1      -152.63944125     1.21e-03      0.00
      2  2      -152.57373590     2.58e-03      0.00

      3  0      -152.67276903     2.71e-04      0.00
      3  1      -152.63991723     3.45e-04      0.00
      3  2      -152.57553666     6.41e-04      0.00

      4  0      -152.67278903     5.99e-05      0.00
      4  1      -152.63995046     6.36e-05      0.00
      4  2      -152.57566839     1.57e-04      0.00

      5  0      -152.67279006     6.60e-06      0.00
      5  1      -152.63995152     1.14e-05      0.00
      5  2      -152.57567524     2.06e-05      0.00

      6  0      -152.67279008     7.98e-07      0.00
      6  1      -152.63995155     1.61e-06      0.00
      6  2      -152.57567535     3.90e-06      0.00

      7  0      -152.67279008     1.80e-07      0.00
      7  1      -152.63995155     1.83e-07      0.00
      7  2      -152.57567536     6.20e-07      0.00

      8  0      -152.67279008     3.81e-08      0.00
      8  1      -152.63995155     3.12e-08      0.00
      8  2      -152.57567536     1.50e-07      0.00

      9  0      -152.67279008     6.57e-09      0.00
      9  1      -152.63995155     4.12e-09      0.00
      9  2      -152.57567536     2.36e-08      0.00

     10  0      -152.67279008     8.92e-10      0.00
     10  1      -152.63995155     5.16e-10      0.00
     10  2      -152.57567536     4.18e-09      0.00

     11  0      -152.67279008     1.03e-10      0.00
     11  1 *    -152.63995155     6.25e-11      0.00
     11  2      -152.57567536     7.07e-10      0.00

     12  0 *    -152.67279008     1.44e-11      0.00
     12  1 *    -152.63995155     3.58e-11      0.00
     12  2      -152.57567536     1.03e-10      0.00

     13  0 *    -152.67279008     1.30e-11      0.00
     13  1 *    -152.63995155     3.58e-11      0.00
     13  2 *    -152.57567536     1.75e-11      0.00

     * ci vector, state   0, <S^2> = 0.0000
       22ab..    -0.5502111539
       22ba..    -0.5502111539
       2a2b..     0.2383335749
       2b2a..     0.2383335749
       2abba.     0.1768076579
       2baab.     0.1768076579
       2a.b2.     0.1603650238
       2b.a2.     0.1603650238
       22.ba.    -0.1540283257
       22.ab.    -0.1540283257
       2.ab2.     0.1425660982
       2.ba2.     0.1425660982
       2.2ba.     0.1397939344
       2.2ab.     0.1397939344
       2abab.     0.0969723622
       2baba.     0.0969723622
       2aabb.    -0.0798352957
       2bbaa.    -0.0798352957

     * ci vector, state   1, <S^2> = 0.0000
       2b2a..    -0.4591660599
       2a2b..    -0.4591660599
       22ba..    -0.3512398805
       22ab..    -0.3512398805
       22.ab.     0.3466338789
       22.ba.     0.3466338789
       2b.a2.    -0.1446759831
       2a.b2.    -0.1446759831
       2.2ab.    -0.1327201743
       2.2ba.    -0.1327201743

     * ci vector, state   2, <S^2> = -0.0000
       22.ba.     0.3828405482
       22.ab.     0.3828405482
       2abab.    -0.3261443280
       2baba.    -0.3261443280
       2aabb.    -0.3188672183
       2bbaa.    -0.3188672183
       2b2a..     0.2935913344
       2a2b..     0.2935913344
       2.2ba.    -0.1990810036
       2.2ab.    -0.1990810036
       2b.a2.     0.1196485774
       2a.b2.     0.1196485774
       - FCI and RDMs                              0.00
    * Integral transformation done. Elapsed time: 0.01

     guess   0:   closed 11....               open ..11..              
     guess   1:   closed 1.1...               open .1.1..              
     guess   2:   closed 11....               open ...11.              

  === FCI iteration ===

      0  0      -152.61433283     1.06e-02      0.00
      0  1      -152.55403113     1.37e-02      0.00
      0  2      -152.43136868     1.29e-02      0.00

      1  0      -152.66144736     7.07e-03      0.00
      1  1      -152.63593072     3.59e-03      0.00
      1  2      -152.56043510     7.92e-03      0.00

      2  0      -152.67236989     1.43e-03      0.00
      2  1      -152.63941789     1.21e-03      0.00
      2  2      -152.57375841     2.57e-03      0.00

      3  0      -152.67278501     2.71e-04      0.00
      3  1      -152.63989593     3.45e-04      0.00
      3  2      -152.57555128     6.37e-04      0.00

      4  0      -152.67280489     5.96e-05      0.00
      4  1      -152.63992903     6.33e-05      0.00
      4  2      -152.57568093     1.55e-04      0.00

      5  0      -152.67280592     6.54e-06      0.00
      5  1      -152.63993007     1.14e-05      0.00
      5  2      -152.57568767     2.06e-05      0.00

      6  0      -152.67280593     7.89e-07      0.00
      6  1      -152.63993011     1.62e-06      0.00
      6  2      -152.57568778     3.87e-06      0.00

      7  0      -152.67280593     1.79e-07      0.00
      7  1      -152.63993011     1.83e-07      0.00
      7  2      -152.57568778     6.15e-07      0.00

      8  0      -152.67280593     3.83e-08      0.00
      8  1      -152.63993011     3.08e-08      0.00
      8  2      -152.57568778     1.48e-07      0.00

      9  0      -152.67280593     6.49e-09      0.00
      9  1      -152.63993011     3.98e-09      0.00
      9  2      -152.57568778     2.34e-08      0.00

     10  0      -152.67280593     8.66e-10      0.00
     10  1      -152.63993011     4.92e-10      0.00
     10  2      -152.57568778     4.14e-09      0.00

     11  0      -152.67280593     1.01e-10      0.00
     11  1 *    -152.63993011     5.96e-11      0.00
     11  2      -152.57568778     7.04e-10      0.00

     12  0 *    -152.67280593     1.44e-11      0.00
     12  1 *    -152.63993011     3.41e-11      0.00
     12  2      -152.57568778     1.04e-10      0.00

     13  0 *    -152.67280593     1.28e-11      0.00
     13  1 *    -152.63993011     3.41e-11      0.00
     13  2 *    -152.57568778     1.72e-11      0.00

     * ci vector, state   0, <S^2> = 0.0000
       22ab..     0.5498832580
       22ba..     0.5498832580
       2b2a..     0.2386132091
       2a2b..     0.2386132091
       2abba.     0.1768841999
       2baab.     0.1768841999
       2a.b2.     0.1604159517
       2b.a2.     0.1604159517
       22.ab.     0.1544485660
       22.ba.     0.1544485660
       2.ba2.    -0.1425857657
       2.ab2.    -0.1425857657
       2.2ab.    -0.1399433500
       2.2ba.    -0.1399433500
       2abab.     0.0969674511
       2baba.     0.0969674511
       2aabb.    -0.0799167488
       2bbaa.    -0.0799167488

     * ci vector, state   1, <S^2> = -0.0000
       2b2a..     0.4588467367
       2a2b..     0.4588467367
       22ab..    -0.3517114758
       22ba..    -0.3517114758
       22.ab.     0.3466330288
       22.ba.     0.3466330288
       2b.a2.     0.1445945060
       2a.b2.     0.1445945060
       2.2ab.    -0.1326602135
       2.2ba.    -0.1326602135

     * ci vector, state   2, <S^2> = -0.0000
       22.ba.    -0.3826695823
       22.ab.    -0.3826695823
       2baba.    -0.3262352372
       2abab.    -0.3262352372
       2bbaa.    -0.3189386121
       2aabb.    -0.3189386121
       2b2a..     0.2936344793
       2a2b..     0.2936344793
       2.2ba.     0.1990474268
       2.2ab.     0.1990474268
       2b.a2.     0.1197636482
       2a.b2.     0.1197636482
       - FCI and RDMs                              0.00
    * Integral transformation done. Elapsed time: 0.01

     guess   0:   closed 11....               open ..11..              
     guess   1:   closed 1.1...               open .1.1..              
     guess   2:   closed 11....               open ...11.              

  === FCI iteration ===

      0  0      -152.61433118     1.06e-02      0.00
      0  1      -152.55400219     1.37e-02      0.00
      0  2      -152.43135409     1.29e-02      0.00

      1  0      -152.66147274     7.07e-03      0.00
      1  1      -152.63590754     3.60e-03      0.00
      1  2      -152.56042981     7.93e-03      0.00

      2  0      -152.67238542     1.43e-03      0.00
      2  1      -152.63939641     1.22e-03      0.00
      2  2      -152.57377881     2.57e-03      0.00

      3  0      -152.67279955     2.70e-04      0.00
      3  1      -152.63987633     3.44e-04      0.00
      3  2      -152.57556446     6.33e-04      0.00

      4  0      -152.67281932     5.93e-05      0.00
      4  1      -152.63990931     6.30e-05      0.00
      4  2      -152.57569219     1.54e-04      0.00

      5  0      -152.67282034     6.49e-06      0.00
      5  1      -152.63991034     1.14e-05      0.00
      5  2      -152.57569884     2.06e-05      0.00

      6  0      -152.67282035     7.80e-07      0.00
      6  1      -152.63991038     1.62e-06      0.00
      6  2      -152.57569895     3.84e-06      0.00

      7  0      -152.67282035     1.78e-07      0.00
      7  1      -152.63991038     1.83e-07      0.00
      7  2      -152.57569895     6.11e-07      0.00

      8  0      -152.67282035     3.86e-08      0.00
      8  1      -152.63991038     3.04e-08      0.00
      8  2      -152.57569895     1.46e-07      0.00

      9  0      -152.67282035     6.40e-09      0.00
      9  1      -152.63991038     3.86e-09      0.00
      9  2      -152.57569895     2.32e-08      0.00

     10  0      -152.67282035     8.43e-10      0.00
     10  1      -152.63991038     4.70e-10      0.00
     10  2      -152.57569895     4.11e-09      0.00

     11  0 *    -152.67282035     9.93e-11      0.00
     11  1 *    -152.63991038     5.67e-11      0.00
     11  2      -152.57569895     7.02e-10      0.00

     12  0 *    -152.67282035     7.79e-11      0.00
     12  1 *    -152.63991038     3.47e-11      0.00
     12  2      -152.57569895     1.15e-10      0.00

     13  0 *    -152.67282035     7.45e-11      0.00
     13  1 *    -152.63991038     3.45e-11      0.00
     13  2 *    -152.57569895     1.96e-11      0.00

     * ci vector, state   0, <S^2> = -0.0000
       22ba..    -0.5495868032
       22ab..    -0.5495868032
       2a2b..     0.2388602282
       2b2a..     0.2388602282
       2baab.     0.1769536738
       2abba.     0.1769536738
       2b.a2.     0.1604602151
       2a.b2.     0.1604602151
       22.ba.    -0.1548342439
       22.ab.    -0.1548342439
       2.ba2.     0.1426039900
       2.ab2.     0.1426039900
       2.2ab.     0.1400804371
       2.2ba.     0.1400804371
       2abab.     0.0969637728
       2baba.     0.0969637728
       2bbaa.    -0.0799899011
       2aabb.    -0.0799899011

     * ci vector, state   1, <S^2> = -0.0000
       2b2a..     0.4585564751
       2a2b..     0.4585564751
       22ab..     0.3521361278
       22ba..     0.3521361278
       22.ab.    -0.3466342769
       22.ba.    -0.3466342769
       2b.a2.     0.1445228853
       2a.b2.     0.1445228853
       2.2ab.     0.1326055517
       2.2ba.     0.1326055517

     * ci vector, state   2, <S^2> = 0.0000
       22.ab.    -0.3825139143
       22.ba.    -0.3825139143
       2baba.     0.3263163177
       2abab.     0.3263163177
       2bbaa.     0.3190045416
       2aabb.     0.3190045416
       2a2b..    -0.2936748557
       2b2a..    -0.2936748557
       2.2ab.     0.1990151932
       2.2ba.     0.1990151932
       2a.b2.    -0.1198703090
       2b.a2.    -0.1198703090
       - FCI and RDMs                              0.00
    * Integral transformation done. Elapsed time: 0.01

     guess   0:   closed 11....               open ..11..              
     guess   1:   closed 1.1...               open .1.1..              
     guess   2:   closed 11....               open ...11.              

  === FCI iteration ===

      0  0      -152.61432964     1.06e-02      0.00
      0  1      -152.55397577     1.37e-02      0.00
      0  2      -152.43134112     1.29e-02      0.00

      1  0      -152.66149595     7.08e-03      0.00
      1  1      -152.63588616     3.60e-03      0.00
      1  2      -152.56042433     7.95e-03      0.00

      2  0      -152.67239961     1.43e-03      0.00
      2  1      -152.63937664     1.22e-03      0.00
      2  2      -152.57379734     2.57e-03      0.00

      3  0      -152.67281280     2.69e-04      0.00
      3  1      -152.63985829     3.44e-04      0.00
      3  2      -152.57557639     6.30e-04      0.00

      4  0      -152.67283246     5.90e-05      0.00
      4  1      -152.63989115     6.27e-05      0.00
      4  2      -152.57570235     1.53e-04      0.00

      5  0      -152.67283347     6.45e-06      0.00
      5  1      -152.63989217     1.14e-05      0.00
      5  2      -152.57570891     2.05e-05      0.00

      6  0      -152.67283348     7.73e-07      0.00
      6  1      -152.63989221     1.62e-06      0.00
      6  2      -152.57570902     3.81e-06      0.00

      7  0      -152.67283348     1.77e-07      0.00
      7  1      -152.63989221     1.82e-07      0.00
      7  2      -152.57570902     6.08e-07      0.00

      8  0      -152.67283348     3.87e-08      0.00
      8  1      -152.63989221     2.99e-08      0.00
      8  2      -152.57570902     1.44e-07      0.00

      9  0      -152.67283348     6.31e-09      0.00
      9  1      -152.63989221     3.74e-09      0.00
      9  2      -152.57570902     2.29e-08      0.00

     10  0      -152.67283348     8.21e-10      0.00
     10  1      -152.63989221     4.49e-10      0.00
     10  2      -152.57570902     4.08e-09      0.00

     11  0 *    -152.67283348     9.72e-11      0.00
     11  1 *    -152.63989221     5.39e-11      0.00
     11  2      -152.57570902     7.00e-10      0.00

     12  0 *    -152.67283348     7.63e-11      0.00
     12  1 *    -152.63989221     3.32e-11      0.00
     12  2      -152.57570902     1.16e-10      0.00

     13  0 *    -152.67283348     7.32e-11      0.00
     13  1 *    -152.63989221     3.31e-11      0.00
     13  2 *    -152.57570902     1.93e-11      0.00

     * ci vector, state   0, <S^2> = 0.0000
       22ba..     0.5493181992
       22ab..     0.5493181992
       2b2a..     0.2390790313
       2a2b..     0.2390790313
       2baab.     0.1770168871
       2abba.     0.1770168871
       2b.a2.     0.1604987747
       2a.b2.     0.1604987747
       22.ab.     0.1551886693
       22.ba.     0.1551886693
       2.ba2.    -0.1426208742
       2.ab2.    -0.1426208742
       2.2ab.    -0.1402063914
       2.2ba.    -0.1402063914
       2baba.     0.0969610941
       2abab.     0.0969610941
       2aabb.    -0.0800557930
       2bbaa.    -0.0800557930

     * ci vector, state   1, <S^2> = 0.0000
       2b2a..     0.4582921165
       2a2b..     0.4582921165
       22ba..    -0.3525194358
       22ab..    -0.3525194358
       22.ba.     0.3466371921
       22.ab.     0.3466371921
       2a.b2.     0.1444597536
       2b.a2.     0.1444597536
       2.2ba.    -0.1325556173
       2.2ab.    -0.1325556173

     * ci vector, state   2, <S^2> = 0.0000
       22.ab.     0.3823718707
       22.ba.     0.3823718707
       2abab.     0.3263888837
       2baba.     0.3263888837
       2aabb.     0.3190654903
       2bbaa.     0.3190654903
       2a2b..    -0.2937125971
       2b2a..    -0.2937125971
       2.2ab.    -0.1989843474
       2.2ba.    -0.1989843474
       2a.b2.    -0.1199692543
       2b.a2.    -0.1199692543
       - FCI and RDMs                              0.00
    * Integral transformation done. Elapsed time: 0.01

     guess   0:   closed 11....               open ..11..              
     guess   1:   closed 1.1...               open .1.1..              
     guess   2:   closed 11....               open ...11.              

  === FCI iteration ===

      0  0      -152.61432820     1.06e-02      0.00
      0  1      -152.55395159     1.38e-02      0.00
      0  2      -152.43132956     1.29e-02      0.00

      1  0      -152.66151722     7.08e-03      0.00
      1  1      -152.63586640     3.60e-03      0.00
      1  2      -152.56041876     7.96e-03      0.00

      2  0      -152.67241260     1.42e-03      0.00
      2  1      -152.63935842     1.22e-03      0.00
      2  2      -152.57381423     2.57e-03      0.00

      3  0      -152.67282489     2.68e-04      0.00
      3  1      -152.63984165     3.44e-04      0.00
      3  2      -152.57558721     6.27e-04      0.00

      4  0      -152.67284445     5.87e-05      0.00
      4  1      -152.63987440     6.24e-05      0.00
      4  2      -152.57571153     1.52e-04      0.00

      5  0      -152.67284545     6.40e-06      0.00
      5  1      -152.63987541     1.14e-05      0.00
      5  2      -152.57571801     2.05e-05      0.00

      6  0      -152.67284546     7.66e-07      0.00
      6  1      -152.63987545     1.62e-06      0.00
      6  2      -152.57571812     3.79e-06      0.00

      7  0      -152.67284546     1.76e-07      0.00
      7  1      -152.63987545     1.82e-07      0.00
      7  2      -152.57571812     6.05e-07      0.00

      8  0      -152.67284546     3.89e-08      0.00
      8  1      -152.63987545     2.96e-08      0.00
      8  2      -152.57571812     1.42e-07      0.00

      9  0      -152.67284546     6.22e-09      0.00
      9  1      -152.63987545     3.63e-09      0.00
      9  2      -152.57571812     2.27e-08      0.00

     10  0      -152.67284546     8.01e-10      0.00
     10  1      -152.63987545     4.30e-10      0.00
     10  2      -152.57571812     4.05e-09      0.00

     11  0 *    -152.67284546     9.52e-11      0.00
     11  1 *    -152.63987545     5.11e-11      0.00
     11  2      -152.57571812     6.99e-10      0.00

     12  0 *    -152.67284546     7.48e-11      0.00
     12  1 *    -152.63987545     3.19e-11      0.00
     12  2      -152.57571812     1.17e-10      0.00

     13  0 *    -152.67284546     7.20e-11      0.00
     13  1 *    -152.63987545     3.18e-11      0.00
     13  2 *    -152.57571812     1.90e-11      0.00

     * ci vector, state   0, <S^2> = -0.0000
       22ab..    -0.5490743144
       22ba..    -0.5490743144
       2b2a..     0.2392733757
       2a2b..     0.2392733757
       2abba.     0.1770745313
       2baab.     0.1770745313
       2a.b2.     0.1605324501
       2b.a2.     0.1605324501
       22.ba.    -0.1555148028
       22.ab.    -0.1555148028
       2.ab2.     0.1426365196
       2.ba2.     0.1426365196
       2.2ba.     0.1403222724
       2.2ab.     0.1403222724
       2baba.     0.0969592200
       2abab.     0.0969592200
       2aabb.    -0.0801153113
       2bbaa.    -0.0801153113

     * ci vector, state   1, <S^2> = 0.0000
       2b2a..    -0.4580508668
       2a2b..    -0.4580508668
       22ab..    -0.3528662459
       22ba..    -0.3528662459
       22.ab.     0.3466414459
       22.ba.     0.3466414459
       2b.a2.    -0.1444039448
       2a.b2.    -0.1444039448
       2.2ab.    -0.1325099121
       2.2ba.    -0.1325099121

     * ci vector, state   2, <S^2> = 0.0000
       22.ba.    -0.3822419825
       22.ab.    -0.3822419825
       2baba.     0.3264540388
       2abab.     0.3264540388
       2bbaa.     0.3191218832
       2aabb.     0.3191218832
       2b2a..    -0.2937478755
       2a2b..    -0.2937478755
       2.2ba.     0.1989549014
       2.2ab.     0.1989549014
       2b.a2.    -0.1200611181
       2a.b2.    -0.1200611181
       - FCI and RDMs                              0.00
    * Integral transformation done. Elapsed time: 0.01

     guess   0:   closed 11....               open ..11..              
     guess   1:   closed 1.1...               open .1.1..              
     guess   2:   closed 11....               open ...11.              

  === FCI iteration ===

      0  0      -152.61432687     1.06e-02      0.00
      0  1      -152.55392943     1.38e-02      0.00
      0  2      -152.43131921     1.29e-02      0.00

      1  0      -152.66153672     7.09e-03      0.00
      1  1      -152.63584815     3.60e-03      0.00
      1  2      -152.56041317     7.97e-03      0.00

      2  0      -152.67242449     1.42e-03      0.00
      2  1      -152.63934162     1.22e-03      0.00
      2  2      -152.57382963     2.57e-03      0.00

      3  0      -152.67283594     2.68e-04      0.00
      3  1      -152.63982631     3.44e-04      0.00
      3  2      -152.57559703     6.23e-04      0.00

      4  0      -152.67285540     5.85e-05      0.00
      4  1      -152.63985895     6.22e-05      0.00
      4  2      -152.57571985     1.50e-04      0.00

      5  0      -152.67285639     6.37e-06      0.00
      5  1      -152.63985995     1.13e-05      0.00
      5  2      -152.57572625     2.05e-05      0.00

      6  0      -152.67285640     7.60e-07      0.00
      6  1      -152.63985999     1.62e-06      0.00
      6  2      -152.57572636     3.76e-06      0.00

      7  0      -152.67285640     1.75e-07      0.00
      7  1      -152.63985999     1.82e-07      0.00
      7  2      -152.57572636     6.02e-07      0.00

      8  0      -152.67285640     3.89e-08      0.00
      8  1      -152.63985999     2.92e-08      0.00
      8  2      -152.57572636     1.40e-07      0.00

      9  0      -152.67285640     6.14e-09      0.00
      9  1      -152.63985999     3.53e-09      0.00
      9  2      -152.57572636     2.25e-08      0.00

     10  0      -152.67285640     7.84e-10      0.00
     10  1      -152.63985999     4.12e-10      0.00
     10  2      -152.57572636     4.03e-09      0.00

     11  0 *    -152.67285640     9.33e-11      0.00
     11  1 *    -152.63985999     4.84e-11      0.00
     11  2      -152.57572636     6.97e-10      0.00

     12  0 *    -152.67285640     7.34e-11      0.00
     12  1 *    -152.63985999     3.08e-11      0.00
     12  2      -152.57572636     1.17e-10      0.00

     13  0 *    -152.67285640     7.09e-11      0.00
     13  1 *    -152.63985999     3.08e-11      0.00
     13  2 *    -152.57572636     1.87e-11      0.00

     * ci vector, state   0, <S^2> = -0.0000
       22ab..     0.5488524819
       22ba..     0.5488524819
       2a2b..     0.2394463610
       2b2a..     0.2394463610
       2abba.     0.1771272139
       2baab.     0.1771272139
       2a.b2.     0.1605618976
       2b.a2.     0.1605618976
       22.ab.     0.1558152479
       22.ba.     0.1558152479
       2.ab2.    -0.1426510153
       2.ba2.    -0.1426510153
       2.2ba.    -0.1404290284
       2.2ab.    -0.1404290284
       2baba.     0.0969579942
       2abab.     0.0969579942
       2aabb.    -0.0801692197
       2bbaa.    -0.0801692197

     * ci vector, state   1, <S^2> = -0.0000
       2a2b..    -0.4578303947
       2b2a..    -0.4578303947
       22ba..     0.3531806579
       22ab..     0.3531806579
       22.ba.    -0.3466466873
       22.ab.    -0.3466466873
       2a.b2.    -0.1443545024
       2b.a2.    -0.1443545024
       2.2ba.     0.1324680115
       2.2ab.     0.1324680115

     * ci vector, state   2, <S^2> = -0.0000
       22.ba.    -0.3821230241
       22.ab.    -0.3821230241
       2baba.    -0.3265127100
       2abab.    -0.3265127100
       2bbaa.    -0.3191741310
       2aabb.    -0.3191741310
       2b2a..     0.2937807806
       2a2b..     0.2937807806
       2.2ab.     0.1989268619
       2.2ba.     0.1989268619
       2b.a2.     0.1201464597
       2a.b2.     0.1201464597
       - FCI and RDMs                              0.00
    * Integral transformation done. Elapsed time: 0.01

     guess   0:   closed 11....               open ..11..              
     guess   1:   closed 1.1...               open .1.1..              
     guess   2:   closed 11....               open ...11.              

  === FCI iteration ===

      0  0      -152.61432563     1.06e-02      0.00
      0  1      -152.55390907     1.38e-02      0.00
      0  2      -152.43130992     1.30e-02      0.00

      1  0      -152.66155463     7.09e-03      0.00
      1  1      -152.63583128     3.61e-03      0.00
      1  2      -152.56040762     7.98e-03      0.00

      2  0      -152.67243540     1.42e-03      0.00
      2  1      -152.63932611     1.22e-03      0.00
      2  2      -152.57384372     2.57e-03      0.00

      3  0      -152.67284606     2.67e-04      0.00
      3  1      -152.63981214     3.43e-04      0.00
      3  2      -152.57560598     6.21e-04      0.00

      4  0      -152.67286542     5.83e-05      0.00
      4  1      -152.63984468     6.19e-05      0.00
      4  2      -152.57572740     1.50e-04      0.00

      5  0      -152.67286641     6.33e-06      0.00
      5  1      -152.63984567     1.13e-05      0.00
      5  2      -152.57573373     2.05e-05      0.00

      6  0      -152.67286642     7.54e-07      0.00
      6  1      -152.63984571     1.62e-06      0.00
      6  2      -152.57573384     3.74e-06      0.00

      7  0      -152.67286642     1.74e-07      0.00
      7  1      -152.63984571     1.82e-07      0.00
      7  2      -152.57573384     5.99e-07      0.00

      8  0      -152.67286642     3.90e-08      0.00
      8  1      -152.63984571     2.89e-08      0.00
      8  2      -152.57573384     1.39e-07      0.00

      9  0      -152.67286642     6.05e-09      0.00
      9  1      -152.63984571     3.44e-09      0.00
      9  2      -152.57573384     2.23e-08      0.00

     10  0      -152.67286642     7.67e-10      0.00
     10  1      -152.63984571     3.96e-10      0.00
     10  2      -152.57573384     4.00e-09      0.00

     11  0 *    -152.67286642     9.14e-11      0.00
     11  1 *    -152.63984571     4.59e-11      0.00
     11  2      -152.57573384     6.97e-10      0.00

     12  0 *    -152.67286642     7.21e-11      0.00
     12  1 *    -152.63984571     2.99e-11      0.00
     12  2      -152.57573384     1.18e-10      0.00

     13  0 *    -152.67286642     6.98e-11      0.00
     13  1 *    -152.63984571     2.99e-11      0.00
     13  2 *    -152.57573384     1.85e-11      0.00

     * ci vector, state   0, <S^2> = -0.0000
       22ab..     0.5486503346
       22ba..     0.5486503346
       2a2b..    -0.2396007229
       2b2a..    -0.2396007229
       2abba.    -0.1771754545
       2baab.    -0.1771754545
       2a.b2.    -0.1605877091
       2b.a2.    -0.1605877091
       22.ba.     0.1560923316
       22.ab.     0.1560923316
       2.ab2.    -0.1426644489
       2.ba2.    -0.1426644489
       2.2ba.    -0.1405274825
       2.2ab.    -0.1405274825
       2baba.    -0.0969573100
       2abab.    -0.0969573100
       2aabb.     0.0802181445
       2bbaa.     0.0802181445

     * ci vector, state   1, <S^2> = -0.0000
       2a2b..     0.4576285562
       2b2a..     0.4576285562
       22ab..     0.3534662839
       22ba..     0.3534662839
       22.ba.    -0.3466527076
       22.ab.    -0.3466527076
       2a.b2.     0.1443105959
       2b.a2.     0.1443105959
       2.2ba.     0.1324295312
       2.2ab.     0.1324295312

     * ci vector, state   2, <S^2> = -0.0000
       22.ba.     0.3820138673
       22.ab.     0.3820138673
       2abab.    -0.3265657049
       2baba.    -0.3265657049
       2aabb.    -0.3192225709
       2bbaa.    -0.3192225709
       2b2a..     0.2938114837
       2a2b..     0.2938114837
       2.2ba.    -0.1989002058
       2.2ab.    -0.1989002058
       2b.a2.     0.1202257991
       2a.b2.     0.1202257991
       - FCI and RDMs                              0.00
    * Integral transformation done. Elapsed time: 0.01

     guess   0:   closed 11....               open ..11..              
     guess   1:   closed 1.1...               open .1.1..              
     guess   2:   closed 11....               open ...11.              

  === FCI iteration ===

      0  0      -152.61432449     1.06e-02      0.00
      0  1      -152.55389035     1.38e-02      0.00
      0  2      -152.43130156     1.30e-02      0.00

      1  0      -152.66157111     7.09e-03      0.00
      1  1      -152.63581566     3.61e-03      0.00
      1  2      -152.56040217     7.99e-03      0.00

      2  0      -152.67244541     1.42e-03      0.00
      2  1      -152.63931178     1.23e-03      0.00
      2  2      -152.57385662     2.57e-03      0.00

      3  0      -152.67285533     2.67e-04      0.00
      3  1      -152.63979904     3.43e-04      0.00
      3  2      -152.57561414     6.18e-04      0.00

      4  0      -152.67287460     5.81e-05      0.00
      4  1      -152.63983149     6.17e-05      0.00
      4  2      -152.57573427     1.49e-04      0.00

      5  0      -152.67287558     6.30e-06      0.00
      5  1      -152.63983247     1.13e-05      0.00
      5  2      -152.57574054     2.04e-05      0.00

      6  0      -152.67287559     7.49e-07      0.00
      6  1      -152.63983251     1.62e-06      0.00
      6  2      -152.57574065     3.72e-06      0.00

      7  0      -152.67287559     1.74e-07      0.00
      7  1      -152.63983251     1.82e-07      0.00
      7  2      -152.57574065     5.97e-07      0.00

      8  0      -152.67287559     3.90e-08      0.00
      8  1      -152.63983251     2.86e-08      0.00
      8  2      -152.57574065     1.37e-07      0.00

      9  0      -152.67287559     5.97e-09      0.00
      9  1      -152.63983251     3.35e-09      0.00
      9  2      -152.57574065     2.21e-08      0.00

     10  0      -152.67287559     7.52e-10      0.00
     10  1      -152.63983251     3.81e-10      0.00
     10  2      -152.57574065     3.99e-09      0.00

     11  0 *    -152.67287559     8.97e-11      0.00
     11  1 *    -152.63983251     4.35e-11      0.00
     11  2      -152.57574065     6.96e-10      0.00

     12  0 *    -152.67287559     7.08e-11      0.00
     12  1 *    -152.63983251     2.92e-11      0.00
     12  2      -152.57574065     1.18e-10      0.00

     13  0 *    -152.67287559     6.88e-11      0.00
     13  1 *    -152.63983251     2.92e-11      0.00
     13  2 *    -152.57574065     1.83e-11      0.00

     * ci vector, state   0, <S^2> = -0.0000
       22ba..    -0.5484658104
       22ab..    -0.5484658104
       2b2a..    -0.2397387658
       2a2b..    -0.2397387658
       2baab.    -0.1772197077
       2abba.    -0.1772197077
       2b.a2.    -0.1606103705
       2a.b2.    -0.1606103705
       22.ab.    -0.1563481583
       22.ba.    -0.1563481583
       2.ba2.     0.1426769026
       2.ab2.     0.1426769026
       2.2ab.     0.1406183884
       2.2ba.     0.1406183884
       2abab.    -0.0969570560
       2baba.    -0.0969570560
       2bbaa.     0.0802626517
       2aabb.     0.0802626517

     * ci vector, state   1, <S^2> = 0.0000
       2a2b..     0.4574434960
       2b2a..     0.4574434960
       22ba..    -0.3537262532
       22ab..    -0.3537262532
       22.ba.     0.3466593021
       22.ab.     0.3466593021
       2a.b2.     0.1442715162
       2b.a2.     0.1442715162
       2.2ba.    -0.1323941383
       2.2ab.    -0.1323941383

     * ci vector, state   2, <S^2> = -0.0000
       22.ab.    -0.3819135480
       22.ba.    -0.3819135480
       2abab.    -0.3266136907
       2baba.    -0.3266136907
       2aabb.    -0.3192675232
       2bbaa.    -0.3192675232
       2a2b..     0.2938401235
       2b2a..     0.2938401235
       2.2ab.     0.1988749062
       2.2ba.     0.1988749062
       2a.b2.     0.1202996044
       2b.a2.     0.1202996044
       - FCI and RDMs                              0.00
    * Integral transformation done. Elapsed time: 0.01

     guess   0:   closed 11....               open ..11..              
     guess   1:   closed 1.1...               open .1.1..              
     guess   2:   closed 11....               open ...11.              

  === FCI iteration ===

      0  0      -152.61432342     1.06e-02      0.00
      0  1      -152.55387311     1.38e-02      0.00
      0  2      -152.43129402     1.30e-02      0.00

      1  0      -152.66158628     7.10e-03      0.00
      1  1      -152.63580120     3.61e-03      0.00
      1  2      -152.56039684     8.00e-03      0.00

      2  0      -152.67245463     1.42e-03      0.00
      2  1      -152.63929854     1.23e-03      0.00
      2  2      -152.57386847     2.57e-03      0.00

      3  0      -152.67286383     2.66e-04      0.00
      3  1      -152.63978693     3.43e-04      0.00
      3  2      -152.57562160     6.15e-04      0.00

      4  0      -152.67288303     5.79e-05      0.00
      4  1      -152.63981929     6.15e-05      0.00
      4  2      -152.57574053     1.48e-04      0.00

      5  0      -152.67288400     6.27e-06      0.00
      5  1      -152.63982026     1.13e-05      0.00
      5  2      -152.57574674     2.04e-05      0.00

      6  0      -152.67288401     7.44e-07      0.00
      6  1      -152.63982029     1.62e-06      0.00
      6  2      -152.57574685     3.70e-06      0.00

      7  0      -152.67288401     1.73e-07      0.00
      7  1      -152.63982029     1.82e-07      0.00
      7  2      -152.57574685     5.95e-07      0.00

      8  0      -152.67288401     3.90e-08      0.00
      8  1      -152.63982029     2.83e-08      0.00
      8  2      -152.57574685     1.36e-07      0.00

      9  0      -152.67288401     5.89e-09      0.00
      9  1      -152.63982029     3.28e-09      0.00
      9  2      -152.57574685     2.19e-08      0.00

     10  0      -152.67288401     7.39e-10      0.00
     10  1      -152.63982029     3.67e-10      0.00
     10  2      -152.57574685     3.97e-09      0.00

     11  0 *    -152.67288401     8.80e-11      0.00
     11  1 *    -152.63982029     4.12e-11      0.00
     11  2      -152.57574685     6.95e-10      0.00

     12  0 *    -152.67288401     6.97e-11      0.00
     12  1 *    -152.63982029     2.86e-11      0.00
     12  2      -152.57574685     1.18e-10      0.00

     13  0 *    -152.67288401     6.79e-11      0.00
     13  1 *    -152.63982029     2.86e-11      0.00
     13  2 *    -152.57574685     1.81e-11      0.00

     * ci vector, state   0, <S^2> = -0.0000
       22ab..    -0.5482971003
       22ba..    -0.5482971003
       2a2b..     0.2398624777
       2b2a..     0.2398624777
       2abba.     0.1772603712
       2baab.     0.1772603712
       2a.b2.     0.1606303005
       2b.a2.     0.1606303005
       22.ba.    -0.1565846019
       22.ab.    -0.1565846019
       2.ab2.     0.1426884519
       2.ba2.     0.1426884519
       2.2ba.     0.1407024143
       2.2ab.     0.1407024143
       2baba.     0.0969571456
       2abab.     0.0969571456
       2aabb.    -0.0803032256
       2bbaa.    -0.0803032256

     * ci vector, state   1, <S^2> = -0.0000
       2b2a..    -0.4572735748
       2a2b..    -0.4572735748
       22ab..    -0.3539632949
       22ba..    -0.3539632949
       22.ab.     0.3466663059
       22.ba.     0.3466663059
       2b.a2.    -0.1442366567
       2a.b2.    -0.1442366567
       2.2ab.    -0.1323615400
       2.2ba.    -0.1323615400

     * ci vector, state   2, <S^2> = -0.0000
       22.ab.    -0.3818212143
       22.ba.    -0.3818212143
       2abab.     0.3266572454
       2baba.     0.3266572454
       2aabb.     0.3193092734
       2bbaa.     0.3193092734
       2b2a..    -0.2938668364
       2a2b..    -0.2938668364
       2.2ab.     0.1988509252
       2.2ba.     0.1988509252
       2b.a2.    -0.1203683025
       2a.b2.    -0.1203683025
       - FCI and RDMs                              0.00
    * Integral transformation done. Elapsed time: 0.01

     guess   0:   closed 11....               open ..11..              
     guess   1:   closed 1.1...               open .1.1..              
     guess   2:   closed 11....               open ...11.              

  === FCI iteration ===

      0  0      -152.61432243     1.06e-02      0.00
      0  1      -152.55385720     1.38e-02      0.00
      0  2      -152.43128720     1.30e-02      0.00

      1  0      -152.66160027     7.10e-03      0.00
      1  1      -152.63578779     3.61e-03      0.00
      1  2      -152.56039166     8.01e-03      0.00

      2  0      -152.67246311     1.42e-03      0.00
      2  1      -152.63928627     1.23e-03      0.00
      2  2      -152.57387935     2.56e-03      0.00

      3  0      -152.67287165     2.65e-04      0.00
      3  1      -152.63977571     3.43e-04      0.00
      3  2      -152.57562843     6.13e-04      0.00

      4  0      -152.67289076     5.77e-05      0.00
      4  1      -152.63980799     6.13e-05      0.00
      4  2      -152.57574625     1.47e-04      0.00

      5  0      -152.67289173     6.24e-06      0.00
      5  1      -152.63980895     1.13e-05      0.00
      5  2      -152.57575241     2.04e-05      0.00

      6  0      -152.67289174     7.39e-07      0.00
      6  1      -152.63980899     1.62e-06      0.00
      6  2      -152.57575252     3.68e-06      0.00

      7  0      -152.67289174     1.72e-07      0.00
      7  1      -152.63980899     1.81e-07      0.00
      7  2      -152.57575252     5.93e-07      0.00

      8  0      -152.67289174     3.90e-08      0.00
      8  1      -152.63980899     2.80e-08      0.00
      8  2      -152.57575252     1.34e-07      0.00

      9  0      -152.67289174     5.82e-09      0.00
      9  1      -152.63980899     3.21e-09      0.00
      9  2      -152.57575252     2.17e-08      0.00

     10  0      -152.67289174     7.26e-10      0.00
     10  1      -152.63980899     3.55e-10      0.00
     10  2      -152.57575252     3.96e-09      0.00

     11  0 *    -152.67289174     8.64e-11      0.00
     11  1 *    -152.63980899     3.91e-11      0.00
     11  2      -152.57575252     6.94e-10      0.00

     12  0 *    -152.67289174     6.86e-11      0.00
     12  1 *    -152.63980899     2.81e-11      0.00
     12  2      -152.57575252     1.18e-10      0.00

     13  0 *    -152.67289174     6.70e-11      0.00
     13  1 *    -152.63980899     2.82e-11      0.00
     13  2 *    -152.57575252     1.79e-11      0.00

     * ci vector, state   0, <S^2> = -0.0000
       22ab..     0.5481426136
       22ba..     0.5481426136
       2b2a..     0.2399735728
       2a2b..     0.2399735728
       2abba.     0.1772977938
       2baab.     0.1772977938
       2a.b2.     0.1606478570
       2b.a2.     0.1606478570
       22.ab.     0.1568033418
       22.ba.     0.1568033418
       2.ab2.    -0.1426991669
       2.ba2.    -0.1426991669
       2.2ba.    -0.1407801578
       2.2ab.    -0.1407801578
       2baba.     0.0969575083
       2abab.     0.0969575083
       2aabb.    -0.0803402855
       2bbaa.    -0.0803402855

     * ci vector, state   1, <S^2> = -0.0000
       2a2b..    -0.4571173423
       2b2a..    -0.4571173423
       22ba..     0.3541797962
       22ab..     0.3541797962
       22.ab.    -0.3466735835
       22.ba.    -0.3466735835
       2a.b2.    -0.1442054963
       2b.a2.    -0.1442054963
       2.2ba.     0.1323314774
       2.2ab.     0.1323314774

     * ci vector, state   2, <S^2> = -0.0000
       22.ab.     0.3817361135
       22.ba.     0.3817361135
       2baba.     0.3266968673
       2abab.     0.3266968673
       2bbaa.     0.3193480788
       2aabb.     0.3193480788
       2a2b..    -0.2938917525
       2b2a..    -0.2938917525
       2.2ab.    -0.1988282190
       2.2ba.    -0.1988282190
       2a.b2.    -0.1204322832
       2b.a2.    -0.1204322832
       - FCI and RDMs                              0.00
    * Integral transformation done. Elapsed time: 0.01

     guess   0:   closed 11....               open ..11..              
     guess   1:   closed 1.1...               open .1.1..              
     guess   2:   closed 11....               open ...11.              

  === FCI iteration ===

      0  0      -152.61432152     1.06e-02      0.00
      0  1      -152.55384252     1.38e-02      0.00
      0  2      -152.43128101     1.30e-02      0.00

      1  0      -152.66161318     7.10e-03      0.00
      1  1      -152.63577537     3.61e-03      0.00
      1  2      -152.56038665     8.02e-03      0.00

      2  0      -152.67247093     1.42e-03      0.00
      2  1      -152.63927492     1.23e-03      0.00
      2  2      -152.57388937     2.56e-03      0.00

      3  0      -152.67287884     2.65e-04      0.00
      3  1      -152.63976532     3.42e-04      0.00
      3  2      -152.57563469     6.11e-04      0.00

      4  0      -152.67289788     5.75e-05      0.00
      4  1      -152.63979751     6.11e-05      0.00
      4  2      -152.57575148     1.46e-04      0.00

      5  0      -152.67289885     6.21e-06      0.00
      5  1      -152.63979847     1.13e-05      0.00
      5  2      -152.57575759     2.04e-05      0.00

      6  0      -152.67289886     7.35e-07      0.00
      6  1      -152.63979851     1.62e-06      0.00
      6  2      -152.57575770     3.67e-06      0.00

      7  0      -152.67289886     1.72e-07      0.00
      7  1      -152.63979851     1.81e-07      0.00
      7  2      -152.57575770     5.91e-07      0.00

      8  0      -152.67289886     3.89e-08      0.00
      8  1      -152.63979851     2.78e-08      0.00
      8  2      -152.57575770     1.33e-07      0.00

      9  0      -152.67289886     5.75e-09      0.00
      9  1      -152.63979851     3.16e-09      0.00
      9  2      -152.57575770     2.16e-08      0.00

     10  0      -152.67289886     7.15e-10      0.00
     10  1      -152.63979851     3.44e-10      0.00
     10  2      -152.57575770     3.95e-09      0.00

     11  0 *    -152.67289886     8.50e-11      0.00
     11  1 *    -152.63979851     3.72e-11      0.00
     11  2      -152.57575770     6.94e-10      0.00

     12  0 *    -152.67289886     6.76e-11      0.00
     12  1 *    -152.63979851     2.78e-11      0.00
     12  2      -152.57575770     1.18e-10      0.00

     13  0 *    -152.67289886     6.62e-11      0.00
     13  1 *    -152.63979851     2.78e-11      0.00
     13  2 *    -152.57575770     1.77e-11      0.00

     * ci vector, state   0, <S^2> = 0.0000
       22ba..     0.5480009474
       22ab..     0.5480009474
       2a2b..    -0.2400735331
       2b2a..    -0.2400735331
       2abba.    -0.1773322830
       2baab.    -0.1773322830
       2a.b2.    -0.1606633474
       2b.a2.    -0.1606633474
       22.ba.     0.1570058874
       22.ab.     0.1570058874
       2.ab2.    -0.1427091120
       2.ba2.    -0.1427091120
       2.2ba.    -0.1408521557
       2.2ab.    -0.1408521557
       2baba.    -0.0969580859
       2abab.    -0.0969580859
       2bbaa.     0.0803741971
       2aabb.     0.0803741971

     * ci vector, state   1, <S^2> = -0.0000
       2a2b..    -0.4569735127
       2b2a..    -0.4569735127
       22ab..    -0.3543778517
       22ba..    -0.3543778517
       22.ba.     0.3466810241
       22.ab.     0.3466810241
       2a.b2.    -0.1441775866
       2b.a2.    -0.1441775866
       2.2ab.    -0.1323037201
       2.2ba.    -0.1323037201

     * ci vector, state   2, <S^2> = 0.0000
       22.ab.    -0.3816575787
       22.ba.    -0.3816575787
       2abab.     0.3267329875
       2baba.     0.3267329875
       2bbaa.     0.3193841726
       2aabb.     0.3193841726
       2a2b..    -0.2939149944
       2b2a..    -0.2939149944
       2.2ab.     0.1988067397
       2.2ba.     0.1988067397
       2a.b2.    -0.1204919020
       2b.a2.    -0.1204919020
       - FCI and RDMs                              0.00
    * Integral transformation done. Elapsed time: 0.01

     guess   0:   closed 11....               open ..11..              
     guess   1:   closed 1.1...               open .1.1..              
     guess   2:   closed 11....               open ...11.              

  === FCI iteration ===

      0  0      -152.61432067     1.06e-02      0.00
      0  1      -152.55382894     1.38e-02      0.00
      0  2      -152.43127538     1.30e-02      0.00

      1  0      -152.66162512     7.11e-03      0.00
      1  1      -152.63576383     3.62e-03      0.00
      1  2      -152.56038183     8.02e-03      0.00

      2  0      -152.67247815     1.42e-03      0.00
      2  1      -152.63926439     1.23e-03      0.00
      2  2      -152.57389860     2.56e-03      0.00

      3  0      -152.67288547     2.65e-04      0.00
      3  1      -152.63975568     3.42e-04      0.00
      3  2      -152.57564044     6.09e-04      0.00

      4  0      -152.67290444     5.73e-05      0.00
      4  1      -152.63978780     6.09e-05      0.00
      4  2      -152.57575628     1.46e-04      0.00

      5  0      -152.67290540     6.19e-06      0.00
      5  1      -152.63978875     1.13e-05      0.00
      5  2      -152.57576234     2.04e-05      0.00

      6  0      -152.67290541     7.32e-07      0.00
      6  1      -152.63978879     1.62e-06      0.00
      6  2      -152.57576245     3.65e-06      0.00

      7  0      -152.67290541     1.72e-07      0.00
      7  1      -152.63978879     1.81e-07      0.00
      7  2      -152.57576245     5.89e-07      0.00

      8  0      -152.67290541     3.89e-08      0.00
      8  1      -152.63978879     2.76e-08      0.00
      8  2      -152.57576245     1.31e-07      0.00

      9  0      -152.67290541     5.69e-09      0.00
      9  1      -152.63978879     3.10e-09      0.00
      9  2      -152.57576245     2.14e-08      0.00

     10  0      -152.67290541     7.05e-10      0.00
     10  1      -152.63978879     3.34e-10      0.00
     10  2      -152.57576245     3.94e-09      0.00

     11  0 *    -152.67290541     8.36e-11      0.00
     11  1 *    -152.63978879     3.55e-11      0.00
     11  2      -152.57576245     6.93e-10      0.00

     12  0 *    -152.67290541     6.67e-11      0.00
     12  1 *    -152.63978879     2.74e-11      0.00
     12  2      -152.57576245     1.18e-10      0.00

     13  0 *    -152.67290541     6.54e-11      0.00
     13  1 *    -152.63978879     2.75e-11      0.00
     13  2 *    -152.57576245     1.75e-11      0.00

     * ci vector, state   0, <S^2> = -0.0000
       22ba..    -0.5478708609
       22ab..    -0.5478708609
       2b2a..    -0.2401636435
       2a2b..    -0.2401636435
       2baab.    -0.1773641108
       2abba.    -0.1773641108
       2b.a2.    -0.1606770357
       2a.b2.    -0.1606770357
       22.ab.    -0.1571935984
       22.ba.    -0.1571935984
       2.ba2.     0.1427183466
       2.ab2.     0.1427183466
       2.2ab.     0.1409188907
       2.2ba.     0.1409188907
       2abab.    -0.0969588307
       2baba.    -0.0969588307
       2bbaa.     0.0804052801
       2aabb.     0.0804052801

     * ci vector, state   1, <S^2> = -0.0000
       2a2b..    -0.4568409426
       2b2a..    -0.4568409426
       22ba..     0.3545593050
       22ab..     0.3545593050
       22.ab.    -0.3466885369
       22.ba.    -0.3466885369
       2a.b2.    -0.1441525401
       2b.a2.    -0.1441525401
       2.2ba.     0.1322780632
       2.2ab.     0.1322780632

     * ci vector, state   2, <S^2> = 0.0000
       22.ab.     0.3815850174
       22.ba.     0.3815850174
       2abab.     0.3267659797
       2baba.     0.3267659797
       2aabb.     0.3194177663
       2bbaa.     0.3194177663
       2a2b..    -0.2939366776
       2b2a..    -0.2939366776
       2.2ab.    -0.1987864377
       2.2ba.    -0.1987864377
       2a.b2.    -0.1205474840
       2b.a2.    -0.1205474840
       - FCI and RDMs                              0.00
    * Integral transformation done. Elapsed time: 0.01

     guess   0:   closed 11....               open ..11..              
     guess   1:   closed 1.1...               open .1.1..              
     guess   2:   closed 11....               open ...11.              

  === FCI iteration ===

      0  0      -152.61431988     1.06e-02      0.00
      0  1      -152.55381637     1.38e-02      0.00
      0  2      -152.43127026     1.30e-02      0.00

      1  0      -152.66163616     7.11e-03      0.00
      1  1      -152.63575313     3.62e-03      0.00
      1  2      -152.56037719     8.03e-03      0.00

      2  0      -152.67248482     1.42e-03      0.00
      2  1      -152.63925462     1.23e-03      0.00
      2  2      -152.57390712     2.56e-03      0.00

      3  0      -152.67289158     2.64e-04      0.00
      3  1      -152.63974674     3.42e-04      0.00
      3  2      -152.57564573     6.07e-04      0.00

      4  0      -152.67291048     5.72e-05      0.00
      4  1      -152.63977879     6.07e-05      0.00
      4  2      -152.57576067     1.45e-04      0.00

      5  0      -152.67291143     6.17e-06      0.00
      5  1      -152.63977973     1.13e-05      0.00
      5  2      -152.57576669     2.04e-05      0.00

      6  0      -152.67291144     7.28e-07      0.00
      6  1      -152.63977977     1.62e-06      0.00
      6  2      -152.57576680     3.63e-06      0.00

      7  0      -152.67291144     1.71e-07      0.00
      7  1      -152.63977977     1.81e-07      0.00
      7  2      -152.57576681     5.88e-07      0.00

      8  0      -152.67291144     3.88e-08      0.00
      8  1      -152.63977977     2.74e-08      0.00
      8  2      -152.57576681     1.30e-07      0.00

      9  0      -152.67291144     5.63e-09      0.00
      9  1      -152.63977977     3.06e-09      0.00
      9  2      -152.57576681     2.12e-08      0.00

     10  0      -152.67291144     6.95e-10      0.00
     10  1      -152.63977977     3.25e-10      0.00
     10  2      -152.57576681     3.93e-09      0.00

     11  0 *    -152.67291144     8.24e-11      0.00
     11  1 *    -152.63977977     3.39e-11      0.00
     11  2      -152.57576681     6.92e-10      0.00

     12  0 *    -152.67291144     6.58e-11      0.00
     12  1 *    -152.63977977     2.72e-11      0.00
     12  2      -152.57576681     1.18e-10      0.00

     13  0 *    -152.67291144     6.47e-11      0.00
     13  1 *    -152.63977977     2.72e-11      0.00
     13  2 *    -152.57576681     1.74e-11      0.00

     * ci vector, state   0, <S^2> = 0.0000
       22ba..     0.5477512539
       22ab..     0.5477512539
       2b2a..    -0.2402450213
       2a2b..    -0.2402450213
       2baab.    -0.1773935185
       2abba.    -0.1773935185
       2b.a2.    -0.1606891495
       2a.b2.    -0.1606891495
       22.ab.     0.1573677017
       22.ba.     0.1573677017
       2.ba2.    -0.1427269255
       2.ab2.    -0.1427269255
       2.2ab.    -0.1409807982
       2.2ba.    -0.1409807982
       2abab.    -0.0969597033
       2baba.    -0.0969597033
       2bbaa.     0.0804338152
       2aabb.     0.0804338152

     * ci vector, state   1, <S^2> = 0.0000
       2b2a..     0.4567186128
       2a2b..     0.4567186128
       22ab..     0.3547257834
       22ba..     0.3547257834
       22.ba.    -0.3466960482
       22.ab.    -0.3466960482
       2b.a2.     0.1441300211
       2a.b2.     0.1441300211
       2.2ab.     0.1322543233
       2.2ba.     0.1322543233

     * ci vector, state   2, <S^2> = -0.0000
       22.ab.     0.3815179013
       22.ba.     0.3815179013
       2abab.    -0.3267961697
       2baba.    -0.3267961697
       2aabb.    -0.3194490521
       2bbaa.    -0.3194490521
       2a2b..     0.2939569100
       2b2a..     0.2939569100
       2.2ab.    -0.1987672616
       2.2ba.    -0.1987672616
       2a.b2.     0.1205993265
       2b.a2.     0.1205993265
       - FCI and RDMs                              0.01
    * Integral transformation done. Elapsed time: 0.01

     guess   0:   closed 11....               open ..11..              
     guess   1:   closed 1.1...               open .1.1..              
     guess   2:   closed 11....               open ...11.              

  === FCI iteration ===

      0  0      -152.61431915     1.06e-02      0.00
      0  1      -152.55380472     1.38e-02      0.00
      0  2      -152.43126558     1.30e-02      0.00

      1  0      -152.66164637     7.11e-03      0.00
      1  1      -152.63574318     3.62e-03      0.00
      1  2      -152.56037275     8.04e-03      0.00

      2  0      -152.67249098     1.42e-03      0.00
      2  1      -152.63924556     1.24e-03      0.00
      2  2      -152.57391498     2.56e-03      0.00

      3  0      -152.67289721     2.64e-04      0.00
      3  1      -152.63973844     3.42e-04      0.00
      3  2      -152.57565060     6.05e-04      0.00

      4  0      -152.67291605     5.70e-05      0.00
      4  1      -152.63977042     6.06e-05      0.00
      4  2      -152.57576472     1.45e-04      0.00

      5  0      -152.67291700     6.15e-06      0.00
      5  1      -152.63977136     1.13e-05      0.00
      5  2      -152.57577070     2.03e-05      0.00

      6  0      -152.67291701     7.25e-07      0.00
      6  1      -152.63977139     1.63e-06      0.00
      6  2      -152.57577080     3.62e-06      0.00

      7  0      -152.67291701     1.71e-07      0.00
      7  1      -152.63977139     1.81e-07      0.00
      7  2      -152.57577081     5.86e-07      0.00

      8  0      -152.67291701     3.87e-08      0.00
      8  1      -152.63977139     2.72e-08      0.00
      8  2      -152.57577081     1.29e-07      0.00

      9  0      -152.67291701     5.57e-09      0.00
      9  1      -152.63977139     3.01e-09      0.00
      9  2      -152.57577081     2.11e-08      0.00

     10  0      -152.67291701     6.86e-10      0.00
     10  1      -152.63977139     3.18e-10      0.00
     10  2      -152.57577081     3.92e-09      0.00

     11  0 *    -152.67291701     8.12e-11      0.00
     11  1 *    -152.63977139     3.25e-11      0.00
     11  2      -152.57577081     6.91e-10      0.00

     12  0 *    -152.67291701     6.50e-11      0.00
     12  1 *    -152.63977139     2.70e-11      0.00
     12  2      -152.57577081     1.18e-10      0.00

     13  0 *    -152.67291701     6.41e-11      0.00
     13  1 *    -152.63977139     2.70e-11      0.00
     13  2 *    -152.57577081     1.73e-11      0.00

     * ci vector, state   0, <S^2> = 0.0000
       22ba..    -0.5476411608
       22ab..    -0.5476411608
       2b2a..    -0.2403186185
       2a2b..    -0.2403186185
       2baab.    -0.1774207232
       2abba.    -0.1774207232
       2b.a2.    -0.1606998830
       2a.b2.    -0.1606998830
       22.ba.    -0.1575292967
       22.ab.    -0.1575292967
       2.ba2.     0.1427349007
       2.ab2.     0.1427349007
       2.2ab.     0.1410382691
       2.2ba.     0.1410382691
       2baba.    -0.0969606682
       2abab.    -0.0969606682
       2bbaa.     0.0804600550
       2aabb.     0.0804600550

     * ci vector, state   1, <S^2> = 0.0000
       2a2b..    -0.4566056204
       2b2a..    -0.4566056204
       22ba..     0.3548787075
       22ab..     0.3548787075
       22.ba.    -0.3467035028
       22.ab.    -0.3467035028
       2a.b2.    -0.1441097459
       2b.a2.    -0.1441097459
       2.2ba.     0.1322323453
       2.2ab.     0.1322323453

     * ci vector, state   2, <S^2> = 0.0000
       22.ba.     0.3814557552
       22.ab.     0.3814557552
       2baba.     0.3268238412
       2abab.     0.3268238412
       2bbaa.     0.3194782115
       2aabb.     0.3194782115
       2b2a..    -0.2939757930
       2a2b..    -0.2939757930
       2.2ba.    -0.1987491625
       2.2ab.    -0.1987491625
       2b.a2.    -0.1206476992
       2a.b2.    -0.1206476992
       - FCI and RDMs                              0.00
